filename,width,height,class,xmin,ymin,xmax,ymax
10.jpeg,241,209,mice,22,3,211,204
11.jpeg,321,157,mice,53,18,269,141
12.jpeg,299,168,mice,28,6,298,105
13.jpeg,299,168,mice,17,21,292,141
14.jpeg,280,180,mice,25,77,263,154
15.jpeg,321,157,mice,30,16,311,139
16.jpeg,224,224,mice,25,32,224,178
17.jpeg,300,168,mice,19,30,258,145
18.jpeg,280,180,mice,22,83,271,153
19.jpeg,280,180,mice,18,81,264,141
20.jpeg,321,157,mice,53,23,314,141
"2015-10-10_14h07m49,137983s_V=1.aviimage-28000.jpg",640,480,mice,280,168,420,375
"2015-10-10_14h07m49,137983s_V=1.aviimage-30000.jpg",640,480,mice,176,180,417,372
"2015-10-10_14h07m49,137983s_V=1.aviimage-32000.jpg",640,480,mice,138,234,384,419
"2015-10-10_14h07m49,137983s_V=1.aviimage-34000.jpg",640,480,mice,249,191,406,378
"2015-10-10_14h20m20,217942s_V=1.aviimage-26000.jpg",640,480,mice,186,134,369,279
"2015-10-10_14h20m20,217942s_V=1.aviimage-28000.jpg",640,480,mice,193,42,317,269
"2015-10-10_14h20m20,217942s_V=1.aviimage-30000.jpg",640,480,mice,222,181,341,302
"2015-10-10_14h20m20,217942s_V=1.aviimage-32000.jpg",640,480,mice,261,192,499,287
"2015-10-10_14h20m20,217942s_V=1.aviimage-34000.jpg",640,480,mice,239,180,378,301
"2015-10-10_14h20m20,217942s_V=1.aviimage-36000.jpg",640,480,mice,153,146,375,228
"2015-10-10_14h20m20,217942s_V=1.aviimage-38000.jpg",640,480,mice,189,173,316,379
"2015-10-10_14h20m20,217942s_V=1.aviimage-4000.jpg",640,480,mice,161,224,358,350
"2015-10-10_14h20m20,217942s_V=1.aviimage-40000.jpg",640,480,mice,232,196,444,345
"2015-10-10_14h20m20,217942s_V=1.aviimage-42000.jpg",640,480,mice,232,199,361,383
"2015-10-10_14h20m20,217942s_V=1.aviimage-44000.jpg",640,480,mice,111,210,341,363
"2015-10-10_14h07m49,137983s_V=1.aviimage-48000.jpg",640,480,mice,224,129,425,311
"2015-10-10_14h08m56,297824s_V=1.aviimage-0.jpg",640,480,mice,328,113,485,278
"2015-10-10_14h08m56,297824s_V=1.aviimage-10000.jpg",640,480,mice,104,115,305,325
"2015-10-10_14h08m56,297824s_V=1.aviimage-12000.jpg",640,480,mice,166,76,235,323
"2015-10-10_14h08m56,297824s_V=1.aviimage-14000.jpg",640,480,mice,288,130,541,217
"2015-10-10_14h08m56,297824s_V=1.aviimage-16000.jpg",640,480,mice,338,150,481,337
"2015-10-10_14h08m56,297824s_V=1.aviimage-18000.jpg",640,480,mice,186,199,396,363
"2015-10-10_14h08m56,297824s_V=1.aviimage-2000.jpg",640,480,mice,188,166,443,335
"2015-10-10_14h08m56,297824s_V=1.aviimage-20000.jpg",640,480,mice,138,224,350,385
"2015-10-10_14h08m56,297824s_V=1.aviimage-22000.jpg",640,480,mice,202,212,382,423
"2015-10-10_14h08m56,297824s_V=1.aviimage-24000.jpg",640,480,mice,164,211,338,362
"2015-10-10_14h08m56,297824s_V=1.aviimage-36000.jpg",640,480,mice,87,285,306,478
"2015-10-10_14h10m05,337773s_V=1.aviimage-36000.jpg",640,480,mice,228,245,487,385
"2015-10-10_14h11m12,537617s_V=1.aviimage-36000.jpg",640,480,mice,331,100,518,260
"2015-10-10_14h12m33,138226s_V=1.aviimage-36000.jpg",640,480,mice,161,118,374,233
"2015-10-10_14h13m37,337899s_V=1.aviimage-36000.jpg",640,480,mice,261,141,381,311
"2015-10-10_14h08m56,297824s_V=1.aviimage-8000.jpg",640,480,mice,146,172,374,305
"2015-10-10_14h10m05,337773s_V=1.aviimage-0.jpg",640,480,mice,316,118,465,273
"2015-10-10_14h10m05,337773s_V=1.aviimage-10000.jpg",640,480,mice,127,101,422,198
"2015-10-10_14h10m05,337773s_V=1.aviimage-12000.jpg",640,480,mice,195,118,420,228
"2015-10-10_14h10m05,337773s_V=1.aviimage-14000.jpg",640,480,mice,126,103,378,217
"2015-10-10_14h10m05,337773s_V=1.aviimage-16000.jpg",640,480,mice,188,103,321,329
"2015-10-10_14h10m05,337773s_V=1.aviimage-18000.jpg",640,480,mice,422,134,499,388
"2015-10-10_14h10m05,337773s_V=1.aviimage-2000.jpg",640,480,mice,396,137,531,291
"2015-10-10_14h10m05,337773s_V=1.aviimage-20000.jpg",640,480,mice,330,223,516,378
"2015-10-10_14h10m05,337773s_V=1.aviimage-22000.jpg",640,480,mice,236,258,509,373
"2015-10-10_14h10m05,337773s_V=1.aviimage-24000.jpg",640,480,mice,255,270,517,360
"2015-10-10_14h08m56,297824s_V=1.aviimage-26000.jpg",640,480,mice,171,186,330,325
"2015-10-10_14h08m56,297824s_V=1.aviimage-28000.jpg",640,480,mice,249,123,401,268
"2015-10-10_14h08m56,297824s_V=1.aviimage-30000.jpg",640,480,mice,299,122,505,253
"2015-10-10_14h08m56,297824s_V=1.aviimage-32000.jpg",640,480,mice,246,193,416,369
"2015-10-10_14h08m56,297824s_V=1.aviimage-34000.jpg",640,480,mice,117,264,353,404
"2015-10-10_14h10m05,337773s_V=1.aviimage-8000.jpg",640,480,mice,335,94,487,289
"2015-10-10_14h11m12,537617s_V=1.aviimage-0.jpg",640,480,mice,250,103,403,268
"2015-10-10_14h11m12,537617s_V=1.aviimage-10000.jpg",640,480,mice,440,155,517,402
"2015-10-10_14h11m12,537617s_V=1.aviimage-12000.jpg",640,480,mice,451,143,520,378
"2015-10-10_14h11m12,537617s_V=1.aviimage-14000.jpg",640,480,mice,211,246,479,384
"2015-10-10_14h11m12,537617s_V=1.aviimage-16000.jpg",640,480,mice,398,127,522,358
"2015-10-10_14h11m12,537617s_V=1.aviimage-18000.jpg",640,480,mice,391,138,502,350
"2015-10-10_14h11m12,537617s_V=1.aviimage-2000.jpg",640,480,mice,164,190,413,336
"2015-10-10_14h11m12,537617s_V=1.aviimage-20000.jpg",640,480,mice,348,112,510,297
"2015-10-10_14h11m12,537617s_V=1.aviimage-22000.jpg",640,480,mice,331,130,520,275
"2015-10-10_14h11m12,537617s_V=1.aviimage-24000.jpg",640,480,mice,405,134,521,265
"2015-10-10_14h10m05,337773s_V=1.aviimage-26000.jpg",640,480,mice,291,139,506,312
"2015-10-10_14h10m05,337773s_V=1.aviimage-28000.jpg",640,480,mice,227,108,473,187
"2015-10-10_14h10m05,337773s_V=1.aviimage-30000.jpg",640,480,mice,156,104,399,206
"2015-10-10_14h10m05,337773s_V=1.aviimage-32000.jpg",640,480,mice,183,107,314,349
"2015-10-10_14h10m05,337773s_V=1.aviimage-34000.jpg",640,480,mice,391,143,496,373
"2015-10-10_14h11m12,537617s_V=1.aviimage-8000.jpg",640,480,mice,403,129,527,381
"2015-10-10_14h12m33,138226s_V=1.aviimage-0.jpg",640,480,mice,175,105,292,337
"2015-10-10_14h12m33,138226s_V=1.aviimage-10000.jpg",640,480,mice,356,128,477,340
"2015-10-10_14h12m33,138226s_V=1.aviimage-12000.jpg",640,480,mice,372,198,501,367
"2015-10-10_14h12m33,138226s_V=1.aviimage-14000.jpg",640,480,mice,347,145,493,335
"2015-10-10_14h12m33,138226s_V=1.aviimage-16000.jpg",640,480,mice,259,118,444,256
"2015-10-10_14h12m33,138226s_V=1.aviimage-18000.jpg",640,480,mice,224,151,408,342
"2015-10-10_14h12m33,138226s_V=1.aviimage-2000.jpg",640,480,mice,260,105,492,212
"2015-10-10_14h12m33,138226s_V=1.aviimage-20000.jpg",640,480,mice,393,148,537,327
"2015-10-10_14h12m33,138226s_V=1.aviimage-22000.jpg",640,480,mice,322,116,465,283
"2015-10-10_14h12m33,138226s_V=1.aviimage-24000.jpg",640,480,mice,171,105,402,205
"2015-10-10_14h11m12,537617s_V=1.aviimage-26000.jpg",640,480,mice,419,124,535,267
"2015-10-10_14h11m12,537617s_V=1.aviimage-28000.jpg",640,480,mice,366,97,509,235
"2015-10-10_14h11m12,537617s_V=1.aviimage-30000.jpg",640,480,mice,284,129,486,249
"2015-10-10_14h11m12,537617s_V=1.aviimage-32000.jpg",640,480,mice,175,160,400,331
"2015-10-10_14h11m12,537617s_V=1.aviimage-34000.jpg",640,480,mice,214,102,382,235
"2015-10-10_14h12m33,138226s_V=1.aviimage-8000.jpg",640,480,mice,365,132,480,274
"2015-10-10_14h13m37,337899s_V=1.aviimage-0.jpg",640,480,mice,220,106,342,344
"2015-10-10_14h13m37,337899s_V=1.aviimage-10000.jpg",640,480,mice,224,111,361,318
"2015-10-10_14h13m37,337899s_V=1.aviimage-12000.jpg",640,480,mice,239,126,359,352
"2015-10-10_14h13m37,337899s_V=1.aviimage-14000.jpg",640,480,mice,186,170,354,348
"2015-10-10_14h13m37,337899s_V=1.aviimage-16000.jpg",640,480,mice,153,199,373,352
"2015-10-10_14h13m37,337899s_V=1.aviimage-18000.jpg",640,480,mice,198,203,380,376
"2015-10-10_14h13m37,337899s_V=1.aviimage-2000.jpg",640,480,mice,176,137,363,371
"2015-10-10_14h13m37,337899s_V=1.aviimage-20000.jpg",640,480,mice,181,204,378,373
"2015-10-10_14h13m37,337899s_V=1.aviimage-22000.jpg",640,480,mice,154,216,372,452
"2015-10-10_14h13m37,337899s_V=1.aviimage-24000.jpg",640,480,mice,187,209,400,349
"2015-10-10_14h12m33,138226s_V=1.aviimage-26000.jpg",640,480,mice,72,115,347,200
"2015-10-10_14h12m33,138226s_V=1.aviimage-28000.jpg",640,480,mice,185,51,346,189
"2015-10-10_14h12m33,138226s_V=1.aviimage-30000.jpg",640,480,mice,45,50,274,209
"2015-10-10_14h12m33,138226s_V=1.aviimage-32000.jpg",640,480,mice,143,105,283,337
"2015-10-10_14h12m33,138226s_V=1.aviimage-34000.jpg",640,480,mice,161,103,380,198
"2015-10-10_14h13m37,337899s_V=1.aviimage-8000.jpg",640,480,mice,226,115,417,271
"2015-10-10_14h14m45,057772s_V=1.aviimage-0.jpg",640,480,mice,284,165,464,315
"2015-10-10_14h14m45,057772s_V=1.aviimage-10000.jpg",640,480,mice,181,187,367,327
"2015-10-10_14h14m45,057772s_V=1.aviimage-12000.jpg",640,480,mice,136,184,344,307
"2015-10-10_14h14m45,057772s_V=1.aviimage-14000.jpg",640,480,mice,115,160,278,371
"2015-10-10_14h14m45,057772s_V=1.aviimage-16000.jpg",640,480,mice,130,193,242,391
"2015-10-10_14h14m45,057772s_V=1.aviimage-18000.jpg",640,480,mice,204,103,399,271
"2015-10-10_14h14m45,057772s_V=1.aviimage-2000.jpg",640,480,mice,293,187,459,392
"2015-10-10_14h14m45,057772s_V=1.aviimage-20000.jpg",640,480,mice,346,152,438,376
"2015-10-10_14h14m45,057772s_V=1.aviimage-22000.jpg",640,480,mice,183,213,347,444
"2015-10-10_14h14m45,057772s_V=1.aviimage-24000.jpg",640,480,mice,152,178,325,397
"2015-10-10_14h13m37,337899s_V=1.aviimage-26000.jpg",640,480,mice,172,244,420,348
"2015-10-10_14h13m37,337899s_V=1.aviimage-28000.jpg",640,480,mice,181,242,419,359
"2015-10-10_14h13m37,337899s_V=1.aviimage-30000.jpg",640,480,mice,147,242,419,366
"2015-10-10_14h13m37,337899s_V=1.aviimage-32000.jpg",640,480,mice,246,245,426,380
"2015-10-10_14h13m37,337899s_V=1.aviimage-34000.jpg",640,480,mice,257,235,407,353
"2015-10-10_14h14m45,057772s_V=1.aviimage-8000.jpg",640,480,mice,176,260,422,368
"2015-10-10_14h15m54,137723s_V=1.aviimage-0.jpg",640,480,mice,175,158,389,372
"2015-10-10_14h15m54,137723s_V=1.aviimage-10000.jpg",640,480,mice,178,258,464,391
"2015-10-10_14h15m54,137723s_V=1.aviimage-12000.jpg",640,480,mice,191,252,473,374
"2015-10-10_14h15m54,137723s_V=1.aviimage-14000.jpg",640,480,mice,350,202,505,321
"2015-10-10_14h15m54,137723s_V=1.aviimage-16000.jpg",640,480,mice,417,199,515,381
"2015-10-10_14h15m54,137723s_V=1.aviimage-18000.jpg",640,480,mice,410,226,514,375
"2015-10-10_14h15m54,137723s_V=1.aviimage-2000.jpg",640,480,mice,340,161,521,318
"2015-10-10_14h15m54,137723s_V=1.aviimage-20000.jpg",640,480,mice,334,241,516,358
"2015-10-10_14h15m54,137723s_V=1.aviimage-22000.jpg",640,480,mice,354,139,483,327
"2015-10-10_14h15m54,137723s_V=1.aviimage-24000.jpg",640,480,mice,341,113,459,326
"2015-10-10_14h14m45,057772s_V=1.aviimage-26000.jpg",640,480,mice,120,219,340,385
"2015-10-10_14h14m45,057772s_V=1.aviimage-28000.jpg",640,480,mice,54,227,161,452
"2015-10-10_14h14m45,057772s_V=1.aviimage-30000.jpg",640,480,mice,19,295,144,473
"2015-10-10_14h14m45,057772s_V=1.aviimage-32000.jpg",640,480,mice,62,285,151,409
"2015-10-10_14h14m45,057772s_V=1.aviimage-34000.jpg",640,480,mice,55,293,152,436
"2015-10-10_14h15m54,137723s_V=1.aviimage-8000.jpg",640,480,mice,263,235,510,380
"2015-10-10_14h16m58,978432s_V=1.aviimage-0.jpg",640,480,mice,390,135,506,353
"2015-10-10_14h16m58,978432s_V=1.aviimage-10000.jpg",640,480,mice,375,197,522,365
"2015-10-10_14h16m58,978432s_V=1.aviimage-12000.jpg",640,480,mice,383,254,513,385
"2015-10-10_14h16m58,978432s_V=1.aviimage-14000.jpg",640,480,mice,399,253,517,380
"2015-10-10_14h16m58,978432s_V=1.aviimage-16000.jpg",640,480,mice,366,164,512,318
"2015-10-10_14h16m58,978432s_V=1.aviimage-18000.jpg",640,480,mice,302,200,492,314
"2015-10-10_14h16m58,978432s_V=1.aviimage-2000.jpg",640,480,mice,323,257,513,379
"2015-10-10_14h16m58,978432s_V=1.aviimage-20000.jpg",640,480,mice,195,249,462,355
"2015-10-10_14h16m58,978432s_V=1.aviimage-22000.jpg",640,480,mice,244,234,447,380
"2015-10-10_14h16m58,978432s_V=1.aviimage-24000.jpg",640,480,mice,251,226,455,338
"2015-10-10_14h15m54,137723s_V=1.aviimage-26000.jpg",640,480,mice,339,112,473,279
"2015-10-10_14h15m54,137723s_V=1.aviimage-28000.jpg",640,480,mice,344,117,490,238
"2015-10-10_14h15m54,137723s_V=1.aviimage-30000.jpg",640,480,mice,191,242,471,377
"2015-10-10_14h15m54,137723s_V=1.aviimage-32000.jpg",640,480,mice,264,230,463,382
"2015-10-10_14h15m54,137723s_V=1.aviimage-34000.jpg",640,480,mice,202,246,462,371
"2015-10-10_14h16m58,978432s_V=1.aviimage-8000.jpg",640,480,mice,390,153,517,325
"2015-10-10_14h18m08,338399s_V=1.aviimage-0.jpg",640,480,mice,158,156,349,341
"2015-10-10_14h18m08,338399s_V=1.aviimage-10000.jpg",640,480,mice,287,133,406,300
"2015-10-10_14h18m08,338399s_V=1.aviimage-12000.jpg",640,480,mice,267,110,480,229
"2015-10-10_14h18m08,338399s_V=1.aviimage-14000.jpg",640,480,mice,294,113,482,230
"2015-10-10_14h18m08,338399s_V=1.aviimage-16000.jpg",640,480,mice,217,115,470,192
"2015-10-10_14h18m08,338399s_V=1.aviimage-18000.jpg",640,480,mice,158,139,354,338
"2015-10-10_14h18m08,338399s_V=1.aviimage-2000.jpg",640,480,mice,220,142,385,275
"2015-10-10_14h18m08,338399s_V=1.aviimage-20000.jpg",640,480,mice,77,149,342,258
"2015-10-10_14h18m08,338399s_V=1.aviimage-22000.jpg",640,480,mice,156,143,344,342
"2015-10-10_14h18m08,338399s_V=1.aviimage-24000.jpg",640,480,mice,121,105,342,203
"2015-10-10_14h16m58,978432s_V=1.aviimage-26000.jpg",640,480,mice,252,226,456,333
"2015-10-10_14h16m58,978432s_V=1.aviimage-28000.jpg",640,480,mice,224,241,449,320
"2015-10-10_14h16m58,978432s_V=1.aviimage-30000.jpg",640,480,mice,138,238,415,334
"2015-10-10_14h16m58,978432s_V=1.aviimage-32000.jpg",640,480,mice,145,252,406,340
"2015-10-10_14h16m58,978432s_V=1.aviimage-34000.jpg",640,480,mice,138,207,415,319
"2015-10-10_14h18m08,338399s_V=1.aviimage-8000.jpg",640,480,mice,294,129,397,300
"2015-10-10_14h19m12,058043s_V=1.aviimage-0.jpg",640,480,mice,145,197,401,277
"2015-10-10_14h19m12,058043s_V=1.aviimage-10000.jpg",640,480,mice,185,130,292,330
"2015-10-10_14h19m12,058043s_V=1.aviimage-12000.jpg",640,480,mice,156,126,300,307
"2015-10-10_14h19m12,058043s_V=1.aviimage-14000.jpg",640,480,mice,167,127,297,263
"2015-10-10_14h19m12,058043s_V=1.aviimage-16000.jpg",640,480,mice,178,125,274,268
"2015-10-10_14h19m12,058043s_V=1.aviimage-18000.jpg",640,480,mice,160,116,272,267
"2015-10-10_14h19m12,058043s_V=1.aviimage-2000.jpg",640,480,mice,145,191,402,274
"2015-10-10_14h19m12,058043s_V=1.aviimage-20000.jpg",640,480,mice,143,115,274,266
"2015-10-10_14h19m12,058043s_V=1.aviimage-22000.jpg",640,480,mice,136,139,276,267
"2015-10-10_14h19m12,058043s_V=1.aviimage-24000.jpg",640,480,mice,180,145,367,247
"2015-10-10_14h18m08,338399s_V=1.aviimage-26000.jpg",640,480,mice,171,99,315,229
"2015-10-10_14h18m08,338399s_V=1.aviimage-28000.jpg",640,480,mice,188,117,340,249
"2015-10-10_14h18m08,338399s_V=1.aviimage-30000.jpg",640,480,mice,190,113,335,233
"2015-10-10_14h18m08,338399s_V=1.aviimage-32000.jpg",640,480,mice,261,137,342,383
"2015-10-10_14h18m08,338399s_V=1.aviimage-34000.jpg",640,480,mice,172,205,365,410
"2015-10-10_14h19m12,058043s_V=1.aviimage-8000.jpg",640,480,mice,170,132,290,274
"2015-10-10_14h20m20,217942s_V=1.aviimage-0.jpg",640,480,mice,265,189,426,315
"2015-10-10_14h20m20,217942s_V=1.aviimage-10000.jpg",640,480,mice,150,187,282,342
"2015-10-10_14h20m20,217942s_V=1.aviimage-12000.jpg",640,480,mice,154,194,284,355
"2015-10-10_14h20m20,217942s_V=1.aviimage-14000.jpg",640,480,mice,152,159,246,336
"2015-10-10_14h20m20,217942s_V=1.aviimage-16000.jpg",640,480,mice,183,163,318,293
"2015-10-10_14h20m20,217942s_V=1.aviimage-18000.jpg",640,480,mice,198,169,444,264
"2015-10-10_14h20m20,217942s_V=1.aviimage-2000.jpg",640,480,mice,290,90,410,254
"2015-10-10_14h20m20,217942s_V=1.aviimage-20000.jpg",640,480,mice,205,185,400,309
"2015-10-10_14h20m20,217942s_V=1.aviimage-22000.jpg",640,480,mice,230,217,337,347
"2015-10-10_14h20m20,217942s_V=1.aviimage-24000.jpg",640,480,mice,188,221,336,347
"2015-10-10_14h14m45,057772s_V=1.aviimage-36000.jpg",640,480,mice,43,301,146,477
"2015-10-10_14h15m54,137723s_V=1.aviimage-36000.jpg",640,480,mice,244,208,462,342
"2015-10-10_14h16m58,978432s_V=1.aviimage-36000.jpg",640,480,mice,139,99,360,210
"2015-10-10_14h18m08,338399s_V=1.aviimage-36000.jpg",640,480,mice,295,198,442,323
"2015-10-10_14h19m12,058043s_V=1.aviimage-36000.jpg",640,480,mice,147,193,338,369
"2015-10-10_14h19m12,058043s_V=1.aviimage-26000.jpg",640,480,mice,225,128,345,316
"2015-10-10_14h19m12,058043s_V=1.aviimage-28000.jpg",640,480,mice,160,162,342,337
"2015-10-10_14h19m12,058043s_V=1.aviimage-30000.jpg",640,480,mice,192,167,341,391
"2015-10-10_14h19m12,058043s_V=1.aviimage-32000.jpg",640,480,mice,140,174,341,364
"2015-10-10_14h19m12,058043s_V=1.aviimage-34000.jpg",640,480,mice,198,187,340,384
"2015-10-10_14h20m20,217942s_V=1.aviimage-46000.jpg",640,480,mice,135,155,347,277
"2015-10-10_14h20m20,217942s_V=1.aviimage-48000.jpg",640,480,mice,190,219,339,397
"2015-10-10_14h20m20,217942s_V=1.aviimage-6000.jpg",640,480,mice,98,178,277,373
"2015-10-10_14h20m20,217942s_V=1.aviimage-8000.jpg",640,480,mice,110,205,278,354
"2015-10-10_14h21m31,578024s_V=1.aviimage-0.jpg",640,480,mice,366,144,517,333
"2015-10-10_14h21m31,578024s_V=1.aviimage-10000.jpg",640,480,mice,131,106,366,296
"2015-10-10_14h21m31,578024s_V=1.aviimage-12000.jpg",640,480,mice,115,104,366,295
"2015-10-10_14h21m31,578024s_V=1.aviimage-14000.jpg",640,480,mice,167,109,367,262
"2015-10-10_14h21m31,578024s_V=1.aviimage-16000.jpg",640,480,mice,124,67,340,193
"2015-10-10_14h21m31,578024s_V=1.aviimage-18000.jpg",640,480,mice,200,53,314,234
"2015-10-10_14h21m31,578024s_V=1.aviimage-2000.jpg",640,480,mice,312,108,535,270
"2015-10-10_14h21m31,578024s_V=1.aviimage-20000.jpg",640,480,mice,294,143,514,297
"2015-10-10_14h21m31,578024s_V=1.aviimage-22000.jpg",640,480,mice,340,166,477,368
"2015-10-10_14h21m31,578024s_V=1.aviimage-24000.jpg",640,480,mice,343,187,475,358
"2015-10-10_14h21m31,578024s_V=1.aviimage-26000.jpg",640,480,mice,326,188,479,353
"2015-10-10_14h21m31,578024s_V=1.aviimage-28000.jpg",640,480,mice,346,188,474,355
"2015-10-10_14h21m31,578024s_V=1.aviimage-30000.jpg",640,480,mice,348,124,481,293
"2015-10-10_14h21m31,578024s_V=1.aviimage-32000.jpg",640,480,mice,347,112,473,286
"2015-10-10_14h21m31,578024s_V=1.aviimage-34000.jpg",640,480,mice,369,113,523,288
"2015-10-10_14h21m31,578024s_V=1.aviimage-36000.jpg",640,480,mice,357,118,480,275
"2015-10-10_14h21m31,578024s_V=1.aviimage-38000.jpg",640,480,mice,315,124,494,259
"2015-10-10_14h21m31,578024s_V=1.aviimage-4000.jpg",640,480,mice,295,83,511,239
"2015-10-10_14h21m31,578024s_V=1.aviimage-40000.jpg",640,480,mice,349,103,518,235
"2015-10-10_14h21m31,578024s_V=1.aviimage-42000.jpg",640,480,mice,359,104,514,219
"2015-10-10_14h21m31,578024s_V=1.aviimage-44000.jpg",640,480,mice,299,99,492,224
"2015-10-10_14h21m31,578024s_V=1.aviimage-46000.jpg",640,480,mice,309,94,462,237
"2015-10-10_14h21m31,578024s_V=1.aviimage-48000.jpg",640,480,mice,339,121,505,288
"2015-10-10_14h21m31,578024s_V=1.aviimage-6000.jpg",640,480,mice,317,105,491,229
"2015-10-10_14h21m31,578024s_V=1.aviimage-8000.jpg",640,480,mice,193,132,423,267
"2015-10-10_14h22m37,577799s_V=1.aviimage-0.jpg",640,480,mice,80,188,316,376
"2015-10-10_14h22m37,577799s_V=1.aviimage-10000.jpg",640,480,mice,223,184,343,349
"2015-10-10_14h22m37,577799s_V=1.aviimage-12000.jpg",640,480,mice,197,170,381,377
"2015-10-10_14h22m37,577799s_V=1.aviimage-14000.jpg",640,480,mice,157,187,370,343
"2015-10-10_14h22m37,577799s_V=1.aviimage-16000.jpg",640,480,mice,139,122,363,245
"2015-10-10_14h22m37,577799s_V=1.aviimage-18000.jpg",640,480,mice,154,125,271,350
"2015-10-10_14h22m37,577799s_V=1.aviimage-2000.jpg",640,480,mice,192,217,384,329
"2015-10-10_14h22m37,577799s_V=1.aviimage-20000.jpg",640,480,mice,153,124,267,352
"2015-10-10_14h22m37,577799s_V=1.aviimage-22000.jpg",640,480,mice,87,151,253,395
"2015-10-10_14h22m37,577799s_V=1.aviimage-24000.jpg",640,480,mice,179,113,257,362
"2015-10-10_14h22m37,577799s_V=1.aviimage-26000.jpg",640,480,mice,57,151,268,375
"2015-10-10_14h22m37,577799s_V=1.aviimage-28000.jpg",640,480,mice,157,165,309,355
"2015-10-10_14h22m37,577799s_V=1.aviimage-30000.jpg",640,480,mice,159,161,307,380
"2015-10-10_14h22m37,577799s_V=1.aviimage-32000.jpg",640,480,mice,123,158,311,333
"2015-10-10_14h22m37,577799s_V=1.aviimage-34000.jpg",640,480,mice,158,99,323,225
"2015-10-10_14h22m37,577799s_V=1.aviimage-36000.jpg",640,480,mice,279,95,518,201
"2015-10-10_14h22m37,577799s_V=1.aviimage-38000.jpg",640,480,mice,302,98,516,191
"2015-10-10_14h22m37,577799s_V=1.aviimage-4000.jpg",640,480,mice,249,172,358,367
"2015-10-10_14h22m37,577799s_V=1.aviimage-40000.jpg",640,480,mice,148,187,382,352
"2015-10-10_14h22m37,577799s_V=1.aviimage-42000.jpg",640,480,mice,122,202,371,289
"2015-10-10_14h22m37,577799s_V=1.aviimage-44000.jpg",640,480,mice,95,109,340,267
"2015-10-10_14h22m37,577799s_V=1.aviimage-46000.jpg",640,480,mice,141,146,341,267
"2015-10-10_14h22m37,577799s_V=1.aviimage-48000.jpg",640,480,mice,140,160,318,346
"2015-10-10_14h22m37,577799s_V=1.aviimage-6000.jpg",640,480,mice,252,155,365,363
"2015-10-10_14h22m37,577799s_V=1.aviimage-8000.jpg",640,480,mice,205,41,373,248
"2015-10-10_14h23m48,137835s_V=1.aviimage-0.jpg",640,480,mice,158,123,365,214
"2015-10-10_14h23m48,137835s_V=1.aviimage-10000.jpg",640,480,mice,294,171,551,250
"2015-10-10_14h23m48,137835s_V=1.aviimage-12000.jpg",640,480,mice,344,176,489,352
"2015-10-10_14h23m48,137835s_V=1.aviimage-14000.jpg",640,480,mice,183,223,421,340
"2015-10-10_14h23m48,137835s_V=1.aviimage-16000.jpg",640,480,mice,120,104,387,210
"2015-10-10_14h23m48,137835s_V=1.aviimage-18000.jpg",640,480,mice,135,104,259,333
"2015-10-10_14h23m48,137835s_V=1.aviimage-2000.jpg",640,480,mice,230,97,368,281
"2015-10-10_14h23m48,137835s_V=1.aviimage-20000.jpg",640,480,mice,91,105,223,285
"2015-10-10_14h23m48,137835s_V=1.aviimage-22000.jpg",640,480,mice,135,102,232,250
"2015-10-10_14h23m48,137835s_V=1.aviimage-24000.jpg",640,480,mice,115,108,238,340
"2015-10-10_14h23m48,137835s_V=1.aviimage-26000.jpg",640,480,mice,132,93,269,243
"2015-10-10_14h23m48,137835s_V=1.aviimage-28000.jpg",640,480,mice,140,93,266,262
"2015-10-10_14h23m48,137835s_V=1.aviimage-30000.jpg",640,480,mice,108,102,245,333
"2015-10-10_14h23m48,137835s_V=1.aviimage-32000.jpg",640,480,mice,132,102,222,272
"2015-10-10_14h23m48,137835s_V=1.aviimage-34000.jpg",640,480,mice,162,93,369,172
"2015-10-10_14h23m48,137835s_V=1.aviimage-36000.jpg",640,480,mice,180,107,361,254
"2015-10-10_14h23m48,137835s_V=1.aviimage-38000.jpg",640,480,mice,239,106,372,318
"2015-10-10_14h23m48,137835s_V=1.aviimage-4000.jpg",640,480,mice,256,67,424,228
"2015-10-10_14h23m48,137835s_V=1.aviimage-40000.jpg",640,480,mice,201,156,370,363
"2015-10-10_14h23m48,137835s_V=1.aviimage-42000.jpg",640,480,mice,166,208,384,327
"2015-10-10_14h23m48,137835s_V=1.aviimage-44000.jpg",640,480,mice,148,73,300,258
"2015-10-10_14h23m48,137835s_V=1.aviimage-46000.jpg",640,480,mice,126,100,276,265
"2015-10-10_14h23m48,137835s_V=1.aviimage-48000.jpg",640,480,mice,136,95,275,234
"2015-10-10_14h23m48,137835s_V=1.aviimage-6000.jpg",640,480,mice,291,161,486,280
"2015-10-10_14h23m48,137835s_V=1.aviimage-8000.jpg",640,480,mice,282,166,547,261
"2015-10-10_14h25m03,618152s_V=1.aviimage-0.jpg",640,480,mice,435,113,510,373
"2015-10-10_14h25m03,618152s_V=1.aviimage-10000.jpg",640,480,mice,429,211,540,360
"2015-10-10_14h25m03,618152s_V=1.aviimage-12000.jpg",640,480,mice,365,201,526,345
"2015-10-10_14h25m03,618152s_V=1.aviimage-14000.jpg",640,480,mice,183,269,467,353
"2015-10-10_14h25m03,618152s_V=1.aviimage-16000.jpg",640,480,mice,177,288,419,406
"2015-10-10_14h25m03,618152s_V=1.aviimage-18000.jpg",640,480,mice,160,240,375,373
"2015-10-10_14h25m03,618152s_V=1.aviimage-2000.jpg",640,480,mice,437,115,526,306
"2015-10-10_14h25m03,618152s_V=1.aviimage-20000.jpg",640,480,mice,159,236,351,373
"2015-10-10_14h25m03,618152s_V=1.aviimage-22000.jpg",640,480,mice,167,230,346,362
"2015-10-10_14h25m03,618152s_V=1.aviimage-24000.jpg",640,480,mice,158,230,345,366
"2015-10-10_14h25m03,618152s_V=1.aviimage-26000.jpg",640,480,mice,189,222,352,375
"2015-10-10_14h25m03,618152s_V=1.aviimage-28000.jpg",640,480,mice,261,218,386,398
"2015-10-10_14h25m03,618152s_V=1.aviimage-30000.jpg",640,480,mice,236,199,367,379
"2015-10-10_14h25m03,618152s_V=1.aviimage-32000.jpg",640,480,mice,187,197,327,357
"2015-10-10_14h25m03,618152s_V=1.aviimage-34000.jpg",640,480,mice,160,197,325,360
"2015-10-10_14h25m03,618152s_V=1.aviimage-36000.jpg",640,480,mice,140,200,317,422
"2015-10-10_14h25m03,618152s_V=1.aviimage-38000.jpg",640,480,mice,163,195,331,372
"2015-10-10_14h25m03,618152s_V=1.aviimage-4000.jpg",640,480,mice,409,129,510,311
"2015-10-10_14h25m03,618152s_V=1.aviimage-40000.jpg",640,480,mice,227,178,417,302
"2015-10-10_14h25m03,618152s_V=1.aviimage-42000.jpg",640,480,mice,300,102,426,272
"2015-10-10_14h25m03,618152s_V=1.aviimage-44000.jpg",640,480,mice,303,125,431,286
"2015-10-10_14h25m03,618152s_V=1.aviimage-46000.jpg",640,480,mice,171,202,386,349
"2015-10-10_14h25m03,618152s_V=1.aviimage-48000.jpg",640,480,mice,126,196,408,312
"2015-10-10_14h25m03,618152s_V=1.aviimage-6000.jpg",640,480,mice,402,161,515,339
"2015-10-10_14h25m03,618152s_V=1.aviimage-8000.jpg",640,480,mice,419,220,520,362
"2015-10-10_14h26m09,737934s_V=1.aviimage-0.jpg",640,480,mice,165,154,420,256
"2015-10-10_14h26m09,737934s_V=1.aviimage-10000.jpg",640,480,mice,206,179,361,290
"2015-10-10_14h26m09,737934s_V=1.aviimage-12000.jpg",640,480,mice,189,209,348,366
"2015-10-10_14h26m09,737934s_V=1.aviimage-14000.jpg",640,480,mice,133,235,339,433
"2015-10-10_14h26m09,737934s_V=1.aviimage-16000.jpg",640,480,mice,204,139,386,303
"2015-10-10_14h26m09,737934s_V=1.aviimage-18000.jpg",640,480,mice,225,117,384,302
"2015-10-10_14h26m09,737934s_V=1.aviimage-2000.jpg",640,480,mice,163,145,269,360
"2015-10-10_14h26m09,737934s_V=1.aviimage-20000.jpg",640,480,mice,296,78,374,276
"2015-10-10_14h26m09,737934s_V=1.aviimage-22000.jpg",640,480,mice,159,119,394,212
"2015-10-10_14h26m09,737934s_V=1.aviimage-24000.jpg",640,480,mice,187,105,270,341
"2015-10-10_14h26m09,737934s_V=1.aviimage-26000.jpg",640,480,mice,198,144,269,374
"2015-10-10_14h26m09,737934s_V=1.aviimage-28000.jpg",640,480,mice,182,153,272,357
"2015-10-10_14h26m09,737934s_V=1.aviimage-30000.jpg",640,480,mice,146,180,251,370
"2015-10-10_14h26m09,737934s_V=1.aviimage-32000.jpg",640,480,mice,169,177,272,421
"2015-10-10_14h26m09,737934s_V=1.aviimage-34000.jpg",640,480,mice,139,170,282,338
"2015-10-10_14h26m09,737934s_V=1.aviimage-36000.jpg",640,480,mice,105,175,278,348
"2015-10-10_14h26m09,737934s_V=1.aviimage-38000.jpg",640,480,mice,60,176,281,347
"2015-10-10_14h26m09,737934s_V=1.aviimage-4000.jpg",640,480,mice,169,181,281,366
"2015-10-10_14h26m09,737934s_V=1.aviimage-40000.jpg",640,480,mice,127,207,260,341
"2015-10-10_14h26m09,737934s_V=1.aviimage-42000.jpg",640,480,mice,55,178,276,380
"2015-10-10_14h26m09,737934s_V=1.aviimage-44000.jpg",640,480,mice,102,202,247,328
"2015-10-10_14h26m09,737934s_V=1.aviimage-46000.jpg",640,480,mice,81,206,248,379
"2015-10-10_14h26m09,737934s_V=1.aviimage-48000.jpg",640,480,mice,186,198,267,421
"2015-10-10_14h26m09,737934s_V=1.aviimage-6000.jpg",640,480,mice,217,182,312,379
"2015-10-10_14h26m09,737934s_V=1.aviimage-8000.jpg",640,480,mice,193,180,330,295
"2015-10-10_14h27m25,818285s_V=1.aviimage-0.jpg",640,480,mice,319,174,486,370
"2015-10-10_14h27m25,818285s_V=1.aviimage-10000.jpg",640,480,mice,436,101,529,356
"2015-10-10_14h27m25,818285s_V=1.aviimage-12000.jpg",640,480,mice,431,94,512,347
"2015-10-10_14h27m25,818285s_V=1.aviimage-14000.jpg",640,480,mice,410,143,571,295
"2015-10-10_14h27m25,818285s_V=1.aviimage-16000.jpg",640,480,mice,377,135,477,324
"2015-10-10_14h27m25,818285s_V=1.aviimage-18000.jpg",640,480,mice,393,139,483,370
"2015-10-10_14h27m25,818285s_V=1.aviimage-2000.jpg",640,480,mice,268,225,484,360
"2015-10-10_14h27m25,818285s_V=1.aviimage-20000.jpg",640,480,mice,384,196,504,427
"2015-10-10_14h27m25,818285s_V=1.aviimage-22000.jpg",640,480,mice,338,166,459,387
"2015-10-10_14h27m25,818285s_V=1.aviimage-24000.jpg",640,480,mice,174,265,452,347
"2015-10-10_14h27m25,818285s_V=1.aviimage-26000.jpg",640,480,mice,173,107,374,279
"2015-10-10_14h27m25,818285s_V=1.aviimage-28000.jpg",640,480,mice,129,101,385,205
"2015-10-10_14h27m25,818285s_V=1.aviimage-30000.jpg",640,480,mice,146,58,336,189
"2015-10-10_14h27m25,818285s_V=1.aviimage-32000.jpg",640,480,mice,143,100,335,195
"2015-10-10_14h27m25,818285s_V=1.aviimage-34000.jpg",640,480,mice,165,111,294,343
"2015-10-10_14h27m25,818285s_V=1.aviimage-36000.jpg",640,480,mice,140,123,353,305
"2015-10-10_14h27m25,818285s_V=1.aviimage-38000.jpg",640,480,mice,135,126,358,270
"2015-10-10_14h27m25,818285s_V=1.aviimage-4000.jpg",640,480,mice,401,197,533,367
"2015-10-10_14h27m25,818285s_V=1.aviimage-40000.jpg",640,480,mice,76,113,316,317
"2015-10-10_14h27m25,818285s_V=1.aviimage-42000.jpg",640,480,mice,134,99,329,267
"2015-10-10_14h27m25,818285s_V=1.aviimage-44000.jpg",640,480,mice,185,106,326,336
"2015-10-10_14h27m25,818285s_V=1.aviimage-46000.jpg",640,480,mice,410,149,511,383
"2015-10-10_14h27m25,818285s_V=1.aviimage-48000.jpg",640,480,mice,416,143,498,377
"2015-10-10_14h27m25,818285s_V=1.aviimage-6000.jpg",640,480,mice,403,196,503,367
"2015-10-10_14h27m25,818285s_V=1.aviimage-8000.jpg",640,480,mice,427,140,507,373
"2015-10-10_14h28m29,137907s_V=1.aviimage-0.jpg",640,480,mice,223,176,392,315
"2015-10-10_14h28m29,137907s_V=1.aviimage-10000.jpg",640,480,mice,432,64,607,278
"2015-10-10_14h28m29,137907s_V=1.aviimage-12000.jpg",640,480,mice,387,124,511,300
"2015-10-10_14h28m29,137907s_V=1.aviimage-14000.jpg",640,480,mice,209,195,395,387
"2015-10-10_14h28m29,137907s_V=1.aviimage-16000.jpg",640,480,mice,166,204,402,372
"2015-10-10_14h28m29,137907s_V=1.aviimage-18000.jpg",640,480,mice,143,275,358,433
"2015-10-10_14h28m29,137907s_V=1.aviimage-2000.jpg",640,480,mice,231,190,449,283
"2015-10-10_14h28m29,137907s_V=1.aviimage-20000.jpg",640,480,mice,146,280,384,382
"2015-10-10_14h28m29,137907s_V=1.aviimage-22000.jpg",640,480,mice,134,98,371,253
"2015-10-10_14h28m29,137907s_V=1.aviimage-24000.jpg",640,480,mice,77,217,321,376
"2015-10-10_14h28m29,137907s_V=1.aviimage-26000.jpg",640,480,mice,125,196,346,317
"2015-10-10_14h28m29,137907s_V=1.aviimage-28000.jpg",640,480,mice,147,158,289,339
"2015-10-10_14h28m29,137907s_V=1.aviimage-30000.jpg",640,480,mice,160,151,265,403
"2015-10-10_14h28m29,137907s_V=1.aviimage-32000.jpg",640,480,mice,118,235,319,376
"2015-10-10_14h28m29,137907s_V=1.aviimage-34000.jpg",640,480,mice,156,264,356,362
"2015-10-10_14h28m29,137907s_V=1.aviimage-36000.jpg",640,480,mice,197,102,320,329
"2015-10-10_14h28m29,137907s_V=1.aviimage-38000.jpg",640,480,mice,249,114,460,258
"2015-10-10_14h28m29,137907s_V=1.aviimage-4000.jpg",640,480,mice,317,220,459,450
"2015-10-10_14h28m29,137907s_V=1.aviimage-40000.jpg",640,480,mice,332,68,571,254
"2015-10-10_14h28m29,137907s_V=1.aviimage-42000.jpg",640,480,mice,202,163,408,267
"2015-10-10_14h28m29,137907s_V=1.aviimage-44000.jpg",640,480,mice,179,172,403,300
"2015-10-10_14h28m29,137907s_V=1.aviimage-46000.jpg",640,480,mice,209,178,398,337
"2015-10-10_14h28m29,137907s_V=1.aviimage-48000.jpg",640,480,mice,271,180,372,381
"2015-10-10_14h28m29,137907s_V=1.aviimage-6000.jpg",640,480,mice,313,191,492,343
"2015-10-10_14h28m29,137907s_V=1.aviimage-8000.jpg",640,480,mice,368,121,482,315
"2015-10-10_14h29m41,858066s_V=1.aviimage-0.jpg",640,480,mice,192,122,309,296
"2015-10-10_14h29m41,858066s_V=1.aviimage-10000.jpg",640,480,mice,335,202,482,341
"2015-10-10_14h29m41,858066s_V=1.aviimage-12000.jpg",640,480,mice,219,223,447,322
"2015-10-10_14h29m41,858066s_V=1.aviimage-14000.jpg",640,480,mice,119,217,370,338
"2015-10-10_14h29m41,858066s_V=1.aviimage-16000.jpg",640,480,mice,161,210,364,344
"2015-10-10_14h29m41,858066s_V=1.aviimage-18000.jpg",640,480,mice,147,106,335,245
"2015-10-10_14h29m41,858066s_V=1.aviimage-2000.jpg",640,480,mice,188,148,322,267
"2015-10-10_14h29m41,858066s_V=1.aviimage-20000.jpg",640,480,mice,213,124,341,258
"2015-10-10_14h29m41,858066s_V=1.aviimage-22000.jpg",640,480,mice,219,116,413,254
"2015-10-10_14h29m41,858066s_V=1.aviimage-24000.jpg",640,480,mice,197,75,349,244
"2015-10-10_14h29m41,858066s_V=1.aviimage-26000.jpg",640,480,mice,75,130,331,218
"2015-10-10_14h29m41,858066s_V=1.aviimage-28000.jpg",640,480,mice,137,100,276,340
"2015-10-10_14h29m41,858066s_V=1.aviimage-30000.jpg",640,480,mice,237,144,480,250
"2015-10-10_14h29m41,858066s_V=1.aviimage-32000.jpg",640,480,mice,230,183,488,253
"2015-10-10_14h29m41,858066s_V=1.aviimage-34000.jpg",640,480,mice,260,129,484,198
"2015-10-10_14h29m41,858066s_V=1.aviimage-36000.jpg",640,480,mice,264,124,495,200
"2015-10-10_14h29m41,858066s_V=1.aviimage-38000.jpg",640,480,mice,261,130,482,201
"2015-10-10_14h29m41,858066s_V=1.aviimage-4000.jpg",640,480,mice,189,99,276,339
"2015-10-10_14h29m41,858066s_V=1.aviimage-40000.jpg",640,480,mice,366,188,498,383
"2015-10-10_14h29m41,858066s_V=1.aviimage-42000.jpg",640,480,mice,380,193,500,382
"2015-10-10_14h29m41,858066s_V=1.aviimage-44000.jpg",640,480,mice,200,256,446,390
"2015-10-10_14h29m41,858066s_V=1.aviimage-46000.jpg",640,480,mice,178,256,430,421
"2015-10-10_14h29m41,858066s_V=1.aviimage-48000.jpg",640,480,mice,354,227,501,349
"2015-10-10_14h29m41,858066s_V=1.aviimage-6000.jpg",640,480,mice,281,200,486,341
"2015-10-10_14h29m41,858066s_V=1.aviimage-8000.jpg",640,480,mice,384,176,462,394
"2015-10-10_14h30m49,097912s_V=1.aviimage-0.jpg",640,480,mice,268,254,493,364
"2015-10-10_14h30m49,097912s_V=1.aviimage-10000.jpg",640,480,mice,154,220,353,393
"2015-10-10_14h30m49,097912s_V=1.aviimage-12000.jpg",640,480,mice,151,203,334,364
"2015-10-10_14h30m49,097912s_V=1.aviimage-14000.jpg",640,480,mice,113,202,335,336
"2015-10-10_14h08m56,297824s_V=1.aviimage-38000.jpg",640,480,mice,42,318,286,423
"2015-10-10_14h08m56,297824s_V=1.aviimage-4000.jpg",640,480,mice,196,176,399,366
"2015-10-10_14h08m56,297824s_V=1.aviimage-40000.jpg",640,480,mice,60,343,226,447
"2015-10-10_14h08m56,297824s_V=1.aviimage-42000.jpg",640,480,mice,67,275,201,424
"2015-10-10_14h08m56,297824s_V=1.aviimage-44000.jpg",640,480,mice,173,153,291,346
"2015-10-10_14h08m56,297824s_V=1.aviimage-46000.jpg",640,480,mice,158,125,291,340
"2015-10-10_14h08m56,297824s_V=1.aviimage-48000.jpg",640,480,mice,65,159,244,364
"2015-10-10_14h08m56,297824s_V=1.aviimage-6000.jpg",640,480,mice,209,156,438,292
"2015-10-10_14h10m05,337773s_V=1.aviimage-38000.jpg",640,480,mice,186,268,469,381
"2015-10-10_14h10m05,337773s_V=1.aviimage-4000.jpg",640,480,mice,371,52,516,283
"2015-10-10_14h10m05,337773s_V=1.aviimage-40000.jpg",640,480,mice,317,272,487,424
"2015-10-10_14h10m05,337773s_V=1.aviimage-42000.jpg",640,480,mice,183,276,456,382
"2015-10-10_14h10m05,337773s_V=1.aviimage-44000.jpg",640,480,mice,204,290,486,395
"2015-10-10_14h10m05,337773s_V=1.aviimage-46000.jpg",640,480,mice,286,293,495,380
"2015-10-10_14h10m05,337773s_V=1.aviimage-48000.jpg",640,480,mice,190,308,471,381
"2015-10-10_14h10m05,337773s_V=1.aviimage-6000.jpg",640,480,mice,382,117,498,319
"2015-10-10_14h11m12,537617s_V=1.aviimage-38000.jpg",640,480,mice,327,97,518,250
"2015-10-10_14h11m12,537617s_V=1.aviimage-4000.jpg",640,480,mice,257,150,394,283
"2015-10-10_14h11m12,537617s_V=1.aviimage-40000.jpg",640,480,mice,440,140,514,380
"2015-10-10_14h11m12,537617s_V=1.aviimage-42000.jpg",640,480,mice,257,269,515,386
"2015-10-10_14h11m12,537617s_V=1.aviimage-44000.jpg",640,480,mice,332,105,476,355
"2015-10-10_14h11m12,537617s_V=1.aviimage-46000.jpg",640,480,mice,215,145,437,245
"2015-10-10_14h11m12,537617s_V=1.aviimage-48000.jpg",640,480,mice,240,142,387,362
"2015-10-10_14h11m12,537617s_V=1.aviimage-6000.jpg",640,480,mice,316,117,503,279
"2015-10-10_14h12m33,138226s_V=1.aviimage-38000.jpg",640,480,mice,254,134,404,306
"2015-10-10_14h12m33,138226s_V=1.aviimage-4000.jpg",640,480,mice,357,159,500,351
"2015-10-10_14h12m33,138226s_V=1.aviimage-40000.jpg",640,480,mice,292,134,396,347
"2015-10-10_14h12m33,138226s_V=1.aviimage-42000.jpg",640,480,mice,227,161,384,385
"2015-10-10_14h12m33,138226s_V=1.aviimage-44000.jpg",640,480,mice,259,166,376,416
"2015-10-10_14h12m33,138226s_V=1.aviimage-46000.jpg",640,480,mice,332,201,515,315
"2015-10-10_14h12m33,138226s_V=1.aviimage-48000.jpg",640,480,mice,331,196,547,308
"2015-10-10_14h12m33,138226s_V=1.aviimage-6000.jpg",640,480,mice,371,159,508,307
"2015-10-10_14h13m37,337899s_V=1.aviimage-38000.jpg",640,480,mice,147,183,351,333
"2015-10-10_14h13m37,337899s_V=1.aviimage-4000.jpg",640,480,mice,280,140,497,246
"2015-10-10_14h13m37,337899s_V=1.aviimage-40000.jpg",640,480,mice,92,186,349,298
"2015-10-10_14h13m37,337899s_V=1.aviimage-42000.jpg",640,480,mice,153,182,327,355
"2015-10-10_14h13m37,337899s_V=1.aviimage-44000.jpg",640,480,mice,92,174,312,372
"2015-10-10_14h13m37,337899s_V=1.aviimage-46000.jpg",640,480,mice,147,153,293,336
"2015-10-10_14h13m37,337899s_V=1.aviimage-48000.jpg",640,480,mice,117,151,262,382
"2015-10-10_14h13m37,337899s_V=1.aviimage-6000.jpg",640,480,mice,266,116,469,230
"2015-10-10_14h14m45,057772s_V=1.aviimage-38000.jpg",640,480,mice,78,313,231,392
"2015-10-10_14h14m45,057772s_V=1.aviimage-4000.jpg",640,480,mice,160,238,409,359
"2015-10-10_14h14m45,057772s_V=1.aviimage-40000.jpg",640,480,mice,130,143,319,313
"2015-10-10_14h14m45,057772s_V=1.aviimage-42000.jpg",640,480,mice,185,168,296,314
"2015-10-10_14h14m45,057772s_V=1.aviimage-44000.jpg",640,480,mice,120,172,277,369
"2015-10-10_14h14m45,057772s_V=1.aviimage-46000.jpg",640,480,mice,159,165,308,340
"2015-10-10_14h14m45,057772s_V=1.aviimage-48000.jpg",640,480,mice,147,167,298,353
"2015-10-10_14h14m45,057772s_V=1.aviimage-6000.jpg",640,480,mice,148,255,421,366
"2015-10-10_14h15m54,137723s_V=1.aviimage-38000.jpg",640,480,mice,323,167,448,314
"2015-10-10_14h15m54,137723s_V=1.aviimage-4000.jpg",640,480,mice,362,177,522,370
"2015-10-10_14h15m54,137723s_V=1.aviimage-40000.jpg",640,480,mice,351,100,499,300
"2015-10-10_14h15m54,137723s_V=1.aviimage-42000.jpg",640,480,mice,319,108,500,285
"2015-10-10_14h15m54,137723s_V=1.aviimage-44000.jpg",640,480,mice,320,122,493,237
"2015-10-10_14h15m54,137723s_V=1.aviimage-46000.jpg",640,480,mice,329,88,520,204
"2015-10-10_14h15m54,137723s_V=1.aviimage-48000.jpg",640,480,mice,342,93,511,217
"2015-10-10_14h15m54,137723s_V=1.aviimage-6000.jpg",640,480,mice,393,181,515,424
"2015-10-10_14h16m58,978432s_V=1.aviimage-38000.jpg",640,480,mice,74,43,344,184
"2015-10-10_14h16m58,978432s_V=1.aviimage-4000.jpg",640,480,mice,275,247,515,382
"2015-10-10_14h16m58,978432s_V=1.aviimage-40000.jpg",640,480,mice,195,103,329,251
"2015-10-10_14h16m58,978432s_V=1.aviimage-42000.jpg",640,480,mice,258,169,376,361
"2015-10-10_14h16m58,978432s_V=1.aviimage-44000.jpg",640,480,mice,193,186,384,328
"2015-10-10_14h16m58,978432s_V=1.aviimage-46000.jpg",640,480,mice,128,100,350,238
"2015-10-10_14h16m58,978432s_V=1.aviimage-48000.jpg",640,480,mice,146,101,289,319
"2015-10-10_14h16m58,978432s_V=1.aviimage-6000.jpg",640,480,mice,218,287,471,357
"2015-10-10_14h18m08,338399s_V=1.aviimage-38000.jpg",640,480,mice,304,130,507,255
"2015-10-10_14h18m08,338399s_V=1.aviimage-4000.jpg",640,480,mice,259,218,505,316
"2015-10-10_14h18m08,338399s_V=1.aviimage-40000.jpg",640,480,mice,306,113,528,200
"2015-10-10_14h18m08,338399s_V=1.aviimage-42000.jpg",640,480,mice,364,100,513,216
"2015-10-10_14h18m08,338399s_V=1.aviimage-44000.jpg",640,480,mice,363,102,521,207
"2015-10-10_14h18m08,338399s_V=1.aviimage-46000.jpg",640,480,mice,385,101,518,204
"2015-10-10_14h18m08,338399s_V=1.aviimage-48000.jpg",640,480,mice,381,98,514,211
"2015-10-10_14h18m08,338399s_V=1.aviimage-6000.jpg",640,480,mice,221,199,410,352
"2015-10-10_14h19m12,058043s_V=1.aviimage-38000.jpg",640,480,mice,186,189,348,415
"2015-10-10_14h19m12,058043s_V=1.aviimage-4000.jpg",640,480,mice,183,142,297,305
"2015-10-10_14h19m12,058043s_V=1.aviimage-40000.jpg",640,480,mice,155,194,343,382
"2015-10-10_14h19m12,058043s_V=1.aviimage-42000.jpg",640,480,mice,136,224,359,333
"2015-10-10_14h19m12,058043s_V=1.aviimage-44000.jpg",640,480,mice,186,215,364,332
"2015-10-10_14h19m12,058043s_V=1.aviimage-46000.jpg",640,480,mice,75,201,363,341
"2015-10-10_14h19m12,058043s_V=1.aviimage-48000.jpg",640,480,mice,183,220,354,360
"2015-10-10_14h19m12,058043s_V=1.aviimage-6000.jpg",640,480,mice,183,130,289,313
"2015-10-10_14h30m49,097912s_V=1.aviimage-16000.jpg",640,480,mice,153,86,340,253
"2015-10-10_14h30m49,097912s_V=1.aviimage-18000.jpg",640,480,mice,156,116,319,277
"2015-10-10_14h30m49,097912s_V=1.aviimage-2000.jpg",640,480,mice,300,259,489,347
"2015-10-10_14h30m49,097912s_V=1.aviimage-20000.jpg",640,480,mice,221,177,381,278
"2015-10-10_14h30m49,097912s_V=1.aviimage-22000.jpg",640,480,mice,320,172,486,344
"2015-10-10_14h30m49,097912s_V=1.aviimage-24000.jpg",640,480,mice,377,153,497,331
"2015-10-10_14h30m49,097912s_V=1.aviimage-26000.jpg",640,480,mice,168,238,426,360
"2015-10-10_14h30m49,097912s_V=1.aviimage-28000.jpg",640,480,mice,103,266,384,359
"2015-10-10_14h30m49,097912s_V=1.aviimage-30000.jpg",640,480,mice,142,247,348,358
"2015-10-10_14h30m49,097912s_V=1.aviimage-32000.jpg",640,480,mice,127,240,367,327
"2015-10-10_14h30m49,097912s_V=1.aviimage-34000.jpg",640,480,mice,137,238,350,350
"2015-10-10_14h30m49,097912s_V=1.aviimage-36000.jpg",640,480,mice,44,216,321,293
"2015-10-10_14h30m49,097912s_V=1.aviimage-38000.jpg",640,480,mice,160,201,320,339
"2015-10-10_14h30m49,097912s_V=1.aviimage-4000.jpg",640,480,mice,302,266,491,376
"2015-10-10_14h30m49,097912s_V=1.aviimage-40000.jpg",640,480,mice,247,226,356,458
"2015-10-10_14h30m49,097912s_V=1.aviimage-42000.jpg",640,480,mice,146,197,293,441
"2015-10-10_14h30m49,097912s_V=1.aviimage-44000.jpg",640,480,mice,195,193,328,338
"2015-10-10_14h30m49,097912s_V=1.aviimage-46000.jpg",640,480,mice,47,126,278,280
"2015-10-10_14h30m49,097912s_V=1.aviimage-48000.jpg",640,480,mice,166,104,273,239
"2015-10-10_14h30m49,097912s_V=1.aviimage-6000.jpg",640,480,mice,258,278,481,367
"2015-10-10_14h30m49,097912s_V=1.aviimage-8000.jpg",640,480,mice,138,223,369,333
"2015-10-10_14h32m06,378332s_V=1.aviimage-0.jpg",640,480,mice,278,294,479,383
"2015-10-10_14h32m06,378332s_V=1.aviimage-10000.jpg",640,480,mice,215,168,368,363
"2015-10-10_14h32m06,378332s_V=1.aviimage-12000.jpg",640,480,mice,222,172,364,358
"2015-10-10_14h32m06,378332s_V=1.aviimage-14000.jpg",640,480,mice,214,183,337,348
"2015-10-10_14h32m06,378332s_V=1.aviimage-16000.jpg",640,480,mice,177,134,308,345
"2015-10-10_14h32m06,378332s_V=1.aviimage-18000.jpg",640,480,mice,99,243,323,374
"2015-10-10_14h32m06,378332s_V=1.aviimage-2000.jpg",640,480,mice,175,293,414,361
"2015-10-10_14h32m06,378332s_V=1.aviimage-20000.jpg",640,480,mice,32,269,268,476
"2015-10-10_14h32m06,378332s_V=1.aviimage-22000.jpg",640,480,mice,73,262,261,449
"2015-10-10_14h32m06,378332s_V=1.aviimage-24000.jpg",640,480,mice,29,281,257,475
"2015-10-10_14h32m06,378332s_V=1.aviimage-26000.jpg",640,480,mice,58,222,147,463
"2015-10-10_14h32m06,378332s_V=1.aviimage-28000.jpg",640,480,mice,59,284,229,430
"2015-10-10_14h32m06,378332s_V=1.aviimage-30000.jpg",640,480,mice,114,191,349,280
"2015-10-10_14h32m06,378332s_V=1.aviimage-32000.jpg",640,480,mice,235,215,489,312
"2015-10-10_14h32m06,378332s_V=1.aviimage-34000.jpg",640,480,mice,341,183,473,373
"2015-10-10_14h32m06,378332s_V=1.aviimage-36000.jpg",640,480,mice,273,233,488,329
"2015-10-10_14h32m06,378332s_V=1.aviimage-38000.jpg",640,480,mice,191,220,413,409
"2015-10-10_14h32m06,378332s_V=1.aviimage-4000.jpg",640,480,mice,125,270,382,371
"2015-10-10_14h32m06,378332s_V=1.aviimage-40000.jpg",640,480,mice,250,208,368,384
"2015-10-10_14h32m06,378332s_V=1.aviimage-42000.jpg",640,480,mice,197,80,377,245
"2015-10-10_14h32m06,378332s_V=1.aviimage-44000.jpg",640,480,mice,94,202,339,332
"2015-10-10_14h32m06,378332s_V=1.aviimage-46000.jpg",640,480,mice,65,281,241,476
"2015-10-10_14h32m06,378332s_V=1.aviimage-48000.jpg",640,480,mice,18,287,256,449
"2015-10-10_14h32m06,378332s_V=1.aviimage-6000.jpg",640,480,mice,230,261,355,356
"2015-10-10_14h32m06,378332s_V=1.aviimage-8000.jpg",640,480,mice,208,289,397,378
"2015-10-10_14h33m15,578290s_V=1.aviimage-0.jpg",640,480,mice,305,132,499,250
"2015-10-10_14h33m15,578290s_V=1.aviimage-10000.jpg",640,480,mice,320,81,503,227
"2015-10-10_14h33m15,578290s_V=1.aviimage-12000.jpg",640,480,mice,349,46,493,231
"2015-10-10_14h33m15,578290s_V=1.aviimage-14000.jpg",640,480,mice,328,100,485,254
"2015-10-10_14h33m15,578290s_V=1.aviimage-16000.jpg",640,480,mice,148,109,402,183
"2015-10-10_14h33m15,578290s_V=1.aviimage-18000.jpg",640,480,mice,116,104,331,230
"2015-10-10_14h33m15,578290s_V=1.aviimage-2000.jpg",640,480,mice,331,137,497,260
"2015-10-10_14h33m15,578290s_V=1.aviimage-20000.jpg",640,480,mice,169,98,329,241
"2015-10-10_14h33m15,578290s_V=1.aviimage-22000.jpg",640,480,mice,156,116,335,252
"2015-10-10_14h33m15,578290s_V=1.aviimage-24000.jpg",640,480,mice,168,111,334,251
"2015-10-10_14h33m15,578290s_V=1.aviimage-26000.jpg",640,480,mice,217,100,323,248
"2015-10-10_14h33m15,578290s_V=1.aviimage-28000.jpg",640,480,mice,208,113,289,302
"2015-10-10_14h33m15,578290s_V=1.aviimage-30000.jpg",640,480,mice,202,102,288,306
"2015-10-10_14h33m15,578290s_V=1.aviimage-32000.jpg",640,480,mice,137,125,276,335
"2015-10-10_14h33m15,578290s_V=1.aviimage-34000.jpg",640,480,mice,92,103,287,349
"2015-10-10_14h33m15,578290s_V=1.aviimage-36000.jpg",640,480,mice,160,100,335,249
"2015-10-10_14h33m15,578290s_V=1.aviimage-38000.jpg",640,480,mice,148,108,315,339
"2015-10-10_14h33m15,578290s_V=1.aviimage-4000.jpg",640,480,mice,198,178,415,370
"2015-10-10_14h33m15,578290s_V=1.aviimage-40000.jpg",640,480,mice,134,102,332,278
"2015-10-10_14h33m15,578290s_V=1.aviimage-42000.jpg",640,480,mice,142,104,313,339
"2015-10-10_14h33m15,578290s_V=1.aviimage-44000.jpg",640,480,mice,292,137,513,222
"2015-10-10_14h33m15,578290s_V=1.aviimage-46000.jpg",640,480,mice,310,91,517,202
"2015-10-10_14h33m15,578290s_V=1.aviimage-48000.jpg",640,480,mice,315,131,496,240
"2015-10-10_14h33m15,578290s_V=1.aviimage-6000.jpg",640,480,mice,319,189,475,347
"2015-10-10_14h33m15,578290s_V=1.aviimage-8000.jpg",640,480,mice,368,105,507,287
"2015-10-10_14h34m20,658012s_V=1.aviimage-0.jpg",640,480,mice,291,158,508,259
"2015-10-10_14h34m20,658012s_V=1.aviimage-10000.jpg",640,480,mice,164,236,390,402
"2015-10-10_14h34m20,658012s_V=1.aviimage-12000.jpg",640,480,mice,171,269,430,383
"2015-10-10_14h34m20,658012s_V=1.aviimage-14000.jpg",640,480,mice,277,273,431,400
"2015-10-10_14h34m20,658012s_V=1.aviimage-16000.jpg",640,480,mice,222,263,416,360
"2015-10-10_14h34m20,658012s_V=1.aviimage-18000.jpg",640,480,mice,212,198,402,342
"2015-10-10_14h34m20,658012s_V=1.aviimage-2000.jpg",640,480,mice,176,196,435,342
"2015-10-10_14h34m20,658012s_V=1.aviimage-20000.jpg",640,480,mice,134,226,364,346
"2015-10-10_14h34m20,658012s_V=1.aviimage-22000.jpg",640,480,mice,129,217,372,303
"2015-10-10_14h34m20,658012s_V=1.aviimage-24000.jpg",640,480,mice,187,204,356,325
"2015-10-10_14h34m20,658012s_V=1.aviimage-26000.jpg",640,480,mice,189,192,312,299
"2015-10-10_14h34m20,658012s_V=1.aviimage-28000.jpg",640,480,mice,178,190,342,284
"2015-10-10_14h34m20,658012s_V=1.aviimage-30000.jpg",640,480,mice,199,194,412,315
"2015-10-10_14h34m20,658012s_V=1.aviimage-32000.jpg",640,480,mice,244,189,396,379
"2015-10-10_14h34m20,658012s_V=1.aviimage-34000.jpg",640,480,mice,294,224,517,375
"2015-10-10_14h34m20,658012s_V=1.aviimage-36000.jpg",640,480,mice,329,261,515,381
"2015-10-10_14h34m20,658012s_V=1.aviimage-38000.jpg",640,480,mice,334,313,564,387
"2015-10-10_14h34m20,658012s_V=1.aviimage-4000.jpg",640,480,mice,195,205,434,320
"2015-10-10_14h34m20,658012s_V=1.aviimage-40000.jpg",640,480,mice,334,262,484,380
"2015-10-10_14h34m20,658012s_V=1.aviimage-42000.jpg",640,480,mice,330,167,504,336
"2015-10-10_14h34m20,658012s_V=1.aviimage-44000.jpg",640,480,mice,340,111,453,320
"2015-10-10_14h34m20,658012s_V=1.aviimage-46000.jpg",640,480,mice,386,119,511,321
"2015-10-10_14h34m20,658012s_V=1.aviimage-48000.jpg",640,480,mice,353,88,513,238
"2015-10-10_14h34m20,658012s_V=1.aviimage-6000.jpg",640,480,mice,234,200,425,336
"2015-10-10_14h34m20,658012s_V=1.aviimage-8000.jpg",640,480,mice,316,182,424,380
"2015-10-10_14h35m35,098270s_V=1.aviimage-0.jpg",640,480,mice,263,181,378,334
"2015-10-10_14h35m35,098270s_V=1.aviimage-10000.jpg",640,480,mice,363,136,479,299
"2015-10-10_14h35m35,098270s_V=1.aviimage-12000.jpg",640,480,mice,206,193,450,326
"2015-10-10_14h35m35,098270s_V=1.aviimage-14000.jpg",640,480,mice,175,193,427,349
"2015-10-10_14h35m35,098270s_V=1.aviimage-16000.jpg",640,480,mice,280,116,432,245
"2015-10-10_14h35m35,098270s_V=1.aviimage-18000.jpg",640,480,mice,273,103,431,241
"2015-10-10_14h35m35,098270s_V=1.aviimage-2000.jpg",640,480,mice,312,132,442,333
"2015-10-10_14h35m35,098270s_V=1.aviimage-20000.jpg",640,480,mice,317,100,504,193
"2015-10-10_14h35m35,098270s_V=1.aviimage-22000.jpg",640,480,mice,320,103,489,212
"2015-10-10_14h35m35,098270s_V=1.aviimage-24000.jpg",640,480,mice,340,102,532,227
"2015-10-10_14h35m35,098270s_V=1.aviimage-26000.jpg",640,480,mice,366,107,499,249
"2015-10-10_14h35m35,098270s_V=1.aviimage-28000.jpg",640,480,mice,367,108,499,264
"2015-10-10_14h35m35,098270s_V=1.aviimage-30000.jpg",640,480,mice,359,106,500,272
"2015-10-10_14h35m35,098270s_V=1.aviimage-32000.jpg",640,480,mice,371,133,472,360
"2015-10-10_14h35m35,098270s_V=1.aviimage-34000.jpg",640,480,mice,397,137,476,394
"2015-10-10_14h35m35,098270s_V=1.aviimage-36000.jpg",640,480,mice,382,195,512,372
"2015-10-10_14h35m35,098270s_V=1.aviimage-38000.jpg",640,480,mice,380,250,579,380
"2015-10-10_14h35m35,098270s_V=1.aviimage-4000.jpg",640,480,mice,320,106,457,297
"2015-10-10_14h35m35,098270s_V=1.aviimage-40000.jpg",640,480,mice,412,120,504,353
"2015-10-10_14h35m35,098270s_V=1.aviimage-42000.jpg",640,480,mice,196,128,446,210
"2015-10-10_14h35m35,098270s_V=1.aviimage-44000.jpg",640,480,mice,172,175,401,327
"2015-10-10_14h35m35,098270s_V=1.aviimage-46000.jpg",640,480,mice,205,133,378,343
"2015-10-10_14h35m35,098270s_V=1.aviimage-48000.jpg",640,480,mice,181,110,367,227
"2015-10-10_14h35m35,098270s_V=1.aviimage-6000.jpg",640,480,mice,335,99,478,207
"2015-10-10_14h35m35,098270s_V=1.aviimage-8000.jpg",640,480,mice,381,140,480,345
"2015-10-10_14h36m39,577958s_V=1.aviimage-0.jpg",640,480,mice,284,190,473,301
"2015-10-10_14h36m39,577958s_V=1.aviimage-10000.jpg",640,480,mice,310,236,470,359
"2015-10-10_14h36m39,577958s_V=1.aviimage-12000.jpg",640,480,mice,158,267,400,409
"2015-10-10_14h36m39,577958s_V=1.aviimage-14000.jpg",640,480,mice,178,257,410,384
"2015-10-10_14h36m39,577958s_V=1.aviimage-16000.jpg",640,480,mice,171,242,391,361
"2015-10-10_14h36m39,577958s_V=1.aviimage-18000.jpg",640,480,mice,120,271,414,349
"2015-10-10_14h36m39,577958s_V=1.aviimage-2000.jpg",640,480,mice,269,177,461,296
"2015-10-10_14h36m39,577958s_V=1.aviimage-20000.jpg",640,480,mice,151,148,345,326
"2015-10-10_14h36m39,577958s_V=1.aviimage-22000.jpg",640,480,mice,165,100,295,293
"2015-10-10_14h36m39,577958s_V=1.aviimage-24000.jpg",640,480,mice,260,107,535,189
"2015-10-10_14h36m39,577958s_V=1.aviimage-26000.jpg",640,480,mice,297,61,505,182
"2015-10-10_14h36m39,577958s_V=1.aviimage-28000.jpg",640,480,mice,339,100,520,220
"2015-10-10_14h36m39,577958s_V=1.aviimage-30000.jpg",640,480,mice,260,105,474,259
"2015-10-10_14h36m39,577958s_V=1.aviimage-32000.jpg",640,480,mice,207,104,466,216
"2015-10-10_14h36m39,577958s_V=1.aviimage-34000.jpg",640,480,mice,85,112,361,188
"2015-10-10_14h36m39,577958s_V=1.aviimage-36000.jpg",640,480,mice,159,95,318,255
"2015-10-10_14h36m39,577958s_V=1.aviimage-38000.jpg",640,480,mice,241,106,392,324
"2015-10-10_14h36m39,577958s_V=1.aviimage-4000.jpg",640,480,mice,279,234,524,303
"2015-10-10_14h36m39,577958s_V=1.aviimage-40000.jpg",640,480,mice,312,156,515,310
"2015-10-10_14h36m39,577958s_V=1.aviimage-42000.jpg",640,480,mice,303,182,497,308
"2015-10-10_14h36m39,577958s_V=1.aviimage-44000.jpg",640,480,mice,380,107,491,295
"2015-10-10_14h36m39,577958s_V=1.aviimage-46000.jpg",640,480,mice,305,99,490,255
"2015-10-10_14h36m39,577958s_V=1.aviimage-48000.jpg",640,480,mice,168,125,413,222
"2015-10-10_14h36m39,577958s_V=1.aviimage-6000.jpg",640,480,mice,292,256,467,437
"2015-10-10_14h36m39,577958s_V=1.aviimage-8000.jpg",640,480,mice,287,212,486,320
"2015-10-10_14h37m49,057932s_V=1.aviimage-0.jpg",640,480,mice,174,154,381,264
"2015-10-10_14h37m49,057932s_V=1.aviimage-10000.jpg",640,480,mice,129,120,320,257
"2015-10-10_14h37m49,057932s_V=1.aviimage-12000.jpg",640,480,mice,185,65,322,244
"2015-10-10_14h37m49,057932s_V=1.aviimage-14000.jpg",640,480,mice,202,153,324,262
"2015-10-10_14h37m49,057932s_V=1.aviimage-16000.jpg",640,480,mice,163,184,292,372
"2015-10-10_14h37m49,057932s_V=1.aviimage-18000.jpg",640,480,mice,108,172,304,346
"2015-10-10_14h37m49,057932s_V=1.aviimage-2000.jpg",640,480,mice,179,52,352,269
"2015-10-10_14h37m49,057932s_V=1.aviimage-20000.jpg",640,480,mice,27,299,246,426
"2015-10-10_14h37m49,057932s_V=1.aviimage-22000.jpg",640,480,mice,54,320,230,480
"2015-10-10_14h37m49,057932s_V=1.aviimage-24000.jpg",640,480,mice,25,332,260,442
"2015-10-10_14h37m49,057932s_V=1.aviimage-26000.jpg",640,480,mice,71,274,194,371
"2015-10-10_14h37m49,057932s_V=1.aviimage-28000.jpg",640,480,mice,67,197,262,274
"2015-10-10_14h37m49,057932s_V=1.aviimage-30000.jpg",640,480,mice,120,73,334,230
"2015-10-10_14h37m49,057932s_V=1.aviimage-32000.jpg",640,480,mice,85,44,272,264
"2015-10-10_14h37m49,057932s_V=1.aviimage-34000.jpg",640,480,mice,167,133,292,303
"2015-10-10_14h37m49,057932s_V=1.aviimage-36000.jpg",640,480,mice,252,160,512,247
"2015-10-10_14h37m49,057932s_V=1.aviimage-38000.jpg",640,480,mice,384,205,544,440
"2015-10-10_14h37m49,057932s_V=1.aviimage-4000.jpg",640,480,mice,142,212,334,359
"2015-10-10_14h37m49,057932s_V=1.aviimage-40000.jpg",640,480,mice,359,192,498,369
"2015-10-10_14h37m49,057932s_V=1.aviimage-42000.jpg",640,480,mice,190,222,384,388
"2015-10-10_14h37m49,057932s_V=1.aviimage-44000.jpg",640,480,mice,141,237,363,421
"2015-10-10_14h37m49,057932s_V=1.aviimage-46000.jpg",640,480,mice,131,262,360,430
"2015-10-10_14h37m49,057932s_V=1.aviimage-48000.jpg",640,480,mice,224,179,363,323
"2015-10-10_14h37m49,057932s_V=1.aviimage-6000.jpg",640,480,mice,146,193,330,380
"2015-10-10_14h37m49,057932s_V=1.aviimage-8000.jpg",640,480,mice,53,175,309,307
"2015-10-10_14h39m02,178114s_V=1.aviimage-0.jpg",640,480,mice,351,107,509,312
"2015-10-10_14h39m02,178114s_V=1.aviimage-10000.jpg",640,480,mice,340,213,503,318
"2015-10-10_14h39m02,178114s_V=1.aviimage-12000.jpg",640,480,mice,250,147,498,281
"2015-10-10_14h39m02,178114s_V=1.aviimage-14000.jpg",640,480,mice,195,117,407,239
"2015-10-10_14h39m02,178114s_V=1.aviimage-16000.jpg",640,480,mice,190,120,406,219
"2015-10-10_14h39m02,178114s_V=1.aviimage-18000.jpg",640,480,mice,161,130,391,283
"2015-10-10_14h39m02,178114s_V=1.aviimage-2000.jpg",640,480,mice,409,153,487,382
"2015-10-10_14h39m02,178114s_V=1.aviimage-20000.jpg",640,480,mice,147,116,353,301
"2015-10-10_14h39m02,178114s_V=1.aviimage-22000.jpg",640,480,mice,154,116,346,236
"2015-10-10_14h39m02,178114s_V=1.aviimage-24000.jpg",640,480,mice,137,113,360,212
"2015-10-10_14h39m02,178114s_V=1.aviimage-26000.jpg",640,480,mice,91,118,308,276
"2015-10-10_14h39m02,178114s_V=1.aviimage-28000.jpg",640,480,mice,125,104,325,207
"2015-10-10_14h39m02,178114s_V=1.aviimage-30000.jpg",640,480,mice,149,103,328,230
"2015-10-10_14h39m02,178114s_V=1.aviimage-32000.jpg",640,480,mice,148,108,309,268
"2015-10-10_14h39m02,178114s_V=1.aviimage-34000.jpg",640,480,mice,172,98,317,217
"2015-10-10_14h39m02,178114s_V=1.aviimage-36000.jpg",640,480,mice,284,84,530,169
"2015-10-10_14h39m02,178114s_V=1.aviimage-38000.jpg",640,480,mice,300,85,482,187
"2015-10-10_14h39m02,178114s_V=1.aviimage-4000.jpg",640,480,mice,435,172,595,377
"2015-10-10_14h39m02,178114s_V=1.aviimage-40000.jpg",640,480,mice,314,88,495,206
"2015-10-10_14h39m02,178114s_V=1.aviimage-42000.jpg",640,480,mice,368,130,514,253
"2015-10-10_14h39m02,178114s_V=1.aviimage-44000.jpg",640,480,mice,362,100,494,262
"2015-10-10_14h39m02,178114s_V=1.aviimage-46000.jpg",640,480,mice,349,126,498,245
"2015-10-10_14h39m02,178114s_V=1.aviimage-48000.jpg",640,480,mice,363,113,508,244
"2015-10-10_14h39m02,178114s_V=1.aviimage-6000.jpg",640,480,mice,392,193,517,325
"2015-10-10_14h39m02,178114s_V=1.aviimage-8000.jpg",640,480,mice,380,245,493,447
"2015-10-10_14h40m05,737750s_V=1.aviimage-0.jpg",640,480,mice,192,140,332,359
"2015-10-10_14h40m05,737750s_V=1.aviimage-10000.jpg",640,480,mice,291,141,512,274
"2015-10-10_14h40m05,737750s_V=1.aviimage-12000.jpg",640,480,mice,290,127,478,259
"2015-10-10_14h40m05,737750s_V=1.aviimage-14000.jpg",640,480,mice,374,45,514,257
"2015-10-10_14h40m05,737750s_V=1.aviimage-16000.jpg",640,480,mice,268,155,466,255
"2015-10-10_14h40m05,737750s_V=1.aviimage-18000.jpg",640,480,mice,269,153,381,328
"2015-10-10_14h40m05,737750s_V=1.aviimage-2000.jpg",640,480,mice,135,194,343,289
"2015-10-10_14h40m05,737750s_V=1.aviimage-20000.jpg",640,480,mice,333,186,490,377
"2015-10-10_14h40m05,737750s_V=1.aviimage-22000.jpg",640,480,mice,384,256,602,459
"2015-10-10_14h40m05,737750s_V=1.aviimage-24000.jpg",640,480,mice,310,248,490,377
"2015-10-10_14h40m05,737750s_V=1.aviimage-26000.jpg",640,480,mice,138,206,367,433
"2015-10-10_14h40m05,737750s_V=1.aviimage-28000.jpg",640,480,mice,165,242,399,399
"2015-10-10_14h40m05,737750s_V=1.aviimage-30000.jpg",640,480,mice,195,243,422,368
"2015-10-10_14h40m05,737750s_V=1.aviimage-32000.jpg",640,480,mice,183,59,302,320
"2015-10-10_14h40m05,737750s_V=1.aviimage-34000.jpg",640,480,mice,221,128,376,281
"2015-10-10_14h40m05,737750s_V=1.aviimage-36000.jpg",640,480,mice,307,126,459,278
"2015-10-10_14h40m05,737750s_V=1.aviimage-38000.jpg",640,480,mice,314,136,444,354
"2015-10-10_14h40m05,737750s_V=1.aviimage-4000.jpg",640,480,mice,112,211,345,345
"2015-10-10_14h40m05,737750s_V=1.aviimage-40000.jpg",640,480,mice,320,254,522,371
"2015-10-10_14h40m05,737750s_V=1.aviimage-44000.jpg",640,480,mice,314,237,512,384
"2015-10-10_14h40m05,737750s_V=1.aviimage-46000.jpg",640,480,mice,196,287,456,382
"2015-10-10_14h40m05,737750s_V=1.aviimage-48000.jpg",640,480,mice,222,253,445,377
"2015-10-10_14h40m05,737750s_V=1.aviimage-6000.jpg",640,480,mice,59,220,295,389
"2015-10-10_14h40m05,737750s_V=1.aviimage-8000.jpg",640,480,mice,202,163,337,325
21.jpeg,259,194,mice,68,49,259,160
22.jpeg,321,157,mice,53,21,306,136
3.jpeg,280,180,mice,24,48,274,153
4.jpeg,300,168,mice,64,28,219,141
5.jpeg,280,180,mice,30,62,249,154
6.jpeg,299,168,mice,82,3,279,100
7.jpeg,299,169,mice,15,39,267,127
8.jpeg,250,156,mice,22,16,236,121
9.jpeg,280,180,mice,9,91,268,154
index.jpeg,300,168,mice,28,27,222,136
index2.jpeg,280,180,mice,13,63,265,138
s1_2_22.06.15_Openfield1_0001.aviimage-0.jpg,768,576,mice,461,129,583,316
s1_2_22.06.15_Openfield1_0001.aviimage-10000.jpg,768,576,mice,221,129,509,200
s1_2_22.06.15_Openfield1_0001.aviimage-12000.jpg,768,576,mice,212,137,339,360
s1_2_22.06.15_Openfield1_0001.aviimage-14000.jpg,768,576,mice,217,138,320,329
s1_2_22.06.15_Openfield1_0001.aviimage-16000.jpg,768,576,mice,216,134,338,304
s1_2_22.06.15_Openfield1_0001.aviimage-18000.jpg,768,576,mice,323,148,550,276
s1_2_22.06.15_Openfield1_0001.aviimage-2000.jpg,768,576,mice,245,243,463,418
s1_2_22.06.15_Openfield1_0001.aviimage-20000.jpg,768,576,mice,417,196,552,420
s1_2_22.06.15_Openfield1_0001.aviimage-22000.jpg,768,576,mice,431,197,553,415
s1_2_22.06.15_Openfield1_0001.aviimage-24000.jpg,768,576,mice,435,194,562,415
s1_2_22.06.15_Openfield1_0001.aviimage-26000.jpg,768,576,mice,215,136,337,327
s1_2_22.06.15_Openfield1_0001.aviimage-28000.jpg,768,576,mice,214,138,339,306
s1_2_22.06.15_Openfield1_0001.aviimage-30000.jpg,768,576,mice,321,148,554,279
s1_2_22.06.15_Openfield1_0001.aviimage-32000.jpg,768,576,mice,410,194,562,414
s1_2_22.06.15_Openfield1_0001.aviimage-34000.jpg,768,576,mice,427,194,560,422
s1_2_22.06.15_Openfield1_0001.aviimage-36000.jpg,768,576,mice,435,194,560,413
"2015-10-10_14h40m05,737750s_V=1.aviimage-42000.jpg",640,480,mice,309,266,515,372
"2015-10-10_14h07m49,137983s_V=1.aviimage-36000.jpg",640,480,mice,243,196,408,357
"2015-10-10_14h07m49,137983s_V=1.aviimage-38000.jpg",640,480,mice,180,203,404,374
"2015-10-10_14h07m49,137983s_V=1.aviimage-40000.jpg",640,480,mice,296,205,423,357
"2015-10-10_14h07m49,137983s_V=1.aviimage-42000.jpg",640,480,mice,322,117,508,319
"2015-10-10_14h07m49,137983s_V=1.aviimage-44000.jpg",640,480,mice,309,129,467,318
"2015-10-10_14h07m49,137983s_V=1.aviimage-46000.jpg",640,480,mice,260,103,432,315
s1_2_22.06.15_Openfield1_0001.aviimage-4000.jpg,768,576,mice,184,136,344,243
s1_2_22.06.15_Openfield1_0001.aviimage-6000.jpg,768,576,mice,243,256,513,399
s1_2_22.06.15_Openfield1_0001.aviimage-8000.jpg,768,576,mice,435,171,588,371
s1_2_22.06.15_Openfield1_0002.aviimage-0.jpg,768,576,mice,445,136,597,199
s1_2_22.06.15_Openfield1_0002.aviimage-10000.jpg,768,576,mice,320,136,577,225
s1_2_22.06.15_Openfield1_0002.aviimage-12000.jpg,768,576,mice,192,147,290,387
s1_2_22.06.15_Openfield1_0002.aviimage-14000.jpg,768,576,mice,213,139,319,313
s1_2_22.06.15_Openfield1_0002.aviimage-16000.jpg,768,576,mice,383,131,537,214
s1_2_22.06.15_Openfield1_0002.aviimage-18000.jpg,768,576,mice,214,126,326,284
s1_2_22.06.15_Openfield1_0002.aviimage-2000.jpg,768,576,mice,431,254,578,421
s1_2_22.06.15_Openfield1_0002.aviimage-20000.jpg,768,576,mice,355,254,558,430
s1_2_22.06.15_Openfield1_0002.aviimage-22000.jpg,768,576,mice,397,144,544,343
s1_2_22.06.15_Openfield1_0002.aviimage-24000.jpg,768,576,mice,216,139,474,209
s1_2_22.06.15_Openfield1_0002.aviimage-26000.jpg,768,576,mice,212,137,317,319
s1_2_22.06.15_Openfield1_0002.aviimage-28000.jpg,768,576,mice,421,133,534,235
s1_2_22.06.15_Openfield1_0002.aviimage-30000.jpg,768,576,mice,215,125,329,283
s1_2_22.06.15_Openfield1_0002.aviimage-32000.jpg,768,576,mice,352,255,561,429
s1_2_22.06.15_Openfield1_0002.aviimage-34000.jpg,768,576,mice,458,149,554,365
s1_2_22.06.15_Openfield1_0002.aviimage-36000.jpg,768,576,mice,213,143,472,211
s1_2_22.06.15_Openfield1_0002.aviimage-4000.jpg,768,576,mice,271,143,482,229
s1_2_22.06.15_Openfield1_0002.aviimage-6000.jpg,768,576,mice,202,127,295,388
s1_2_22.06.15_Openfield1_0002.aviimage-8000.jpg,768,576,mice,487,209,609,395
s1_2_22.06.15_Openfield1_0003.aviimage-0.jpg,768,576,mice,276,145,484,207
s1_2_22.06.15_Openfield1_0003.aviimage-10000.jpg,768,576,mice,477,176,592,400
s1_2_22.06.15_Openfield1_0003.aviimage-12000.jpg,768,576,mice,210,138,442,270
s1_2_22.06.15_Openfield1_0003.aviimage-14000.jpg,768,576,mice,229,134,347,392
s1_2_22.06.15_Openfield1_0003.aviimage-16000.jpg,768,576,mice,225,133,369,344
s1_2_22.06.15_Openfield1_0003.aviimage-18000.jpg,768,576,mice,205,159,391,272
s1_2_22.06.15_Openfield1_0003.aviimage-2000.jpg,768,576,mice,220,135,380,354
s1_2_22.06.15_Openfield1_0003.aviimage-20000.jpg,768,576,mice,221,125,330,328
s1_2_22.06.15_Openfield1_0003.aviimage-22000.jpg,768,576,mice,213,168,346,327
s1_2_22.06.15_Openfield1_0003.aviimage-24000.jpg,768,576,mice,218,196,338,383
s1_2_22.06.15_Openfield1_0003.aviimage-26000.jpg,768,576,mice,229,136,354,381
s1_2_22.06.15_Openfield1_0003.aviimage-28000.jpg,768,576,mice,225,138,368,344
s1_2_22.06.15_Openfield1_0003.aviimage-30000.jpg,768,576,mice,204,161,387,273
s1_2_22.06.15_Openfield1_0003.aviimage-32000.jpg,768,576,mice,247,108,339,319
s1_2_22.06.15_Openfield1_0003.aviimage-34000.jpg,768,576,mice,210,167,349,330
s1_2_22.06.15_Openfield1_0003.aviimage-36000.jpg,768,576,mice,217,196,335,389
s1_2_22.06.15_Openfield1_0003.aviimage-4000.jpg,768,576,mice,227,132,366,331
s1_2_22.06.15_Openfield1_0003.aviimage-6000.jpg,768,576,mice,225,146,362,375
s1_2_22.06.15_Openfield1_0003.aviimage-8000.jpg,768,576,mice,386,269,565,408
s1_2_22.06.15_Openfield1_0004.aviimage-0.jpg,768,576,mice,218,170,337,375
s1_2_22.06.15_Openfield1_0004.aviimage-10000.jpg,768,576,mice,498,177,588,420
s1_2_22.06.15_Openfield1_0004.aviimage-12000.jpg,768,576,mice,448,292,597,408
s1_2_22.06.15_Openfield1_0004.aviimage-14000.jpg,768,576,mice,495,304,589,409
s1_2_22.06.15_Openfield1_0004.aviimage-16000.jpg,768,576,mice,515,140,585,387
s1_2_22.06.15_Openfield1_0004.aviimage-18000.jpg,768,576,mice,229,109,439,208
s1_2_22.06.15_Openfield1_0004.aviimage-2000.jpg,768,576,mice,498,180,593,407
s1_2_22.06.15_Openfield1_0004.aviimage-20000.jpg,768,576,mice,223,131,428,225
s1_2_22.06.15_Openfield1_0004.aviimage-22000.jpg,768,576,mice,315,225,505,413
s1_2_22.06.15_Openfield1_0004.aviimage-24000.jpg,768,576,mice,243,288,433,405
s1_2_22.06.15_Openfield1_0004.aviimage-26000.jpg,768,576,mice,496,308,593,414
s1_2_22.06.15_Openfield1_0004.aviimage-28000.jpg,768,576,mice,517,142,584,385
s1_2_22.06.15_Openfield1_0004.aviimage-30000.jpg,768,576,mice,233,108,439,209
s1_2_22.06.15_Openfield1_0004.aviimage-32000.jpg,768,576,mice,225,127,428,222
s1_2_22.06.15_Openfield1_0004.aviimage-34000.jpg,768,576,mice,318,229,504,408
s1_2_22.06.15_Openfield1_0004.aviimage-36000.jpg,768,576,mice,245,288,437,406
s1_2_22.06.15_Openfield1_0004.aviimage-4000.jpg,768,576,mice,342,135,585,202
s1_2_22.06.15_Openfield1_0004.aviimage-6000.jpg,768,576,mice,218,139,355,331
s1_2_22.06.15_Openfield1_0004.aviimage-8000.jpg,768,576,mice,387,156,580,298
s1_2_22.06.15_Openfield1_0005.aviimage-0.jpg,768,576,mice,416,150,566,298
s1_2_22.06.15_Openfield1_0005.aviimage-10000.jpg,768,576,mice,293,289,476,409
s1_2_22.06.15_Openfield1_0005.aviimage-12000.jpg,768,576,mice,296,306,406,416
s1_2_22.06.15_Openfield1_0005.aviimage-14000.jpg,768,576,mice,297,304,529,412
s1_2_22.06.15_Openfield1_0005.aviimage-16000.jpg,768,576,mice,382,167,533,390
s1_2_22.06.15_Openfield1_0005.aviimage-18000.jpg,768,576,mice,456,210,559,409
s1_2_22.06.15_Openfield1_0005.aviimage-2000.jpg,768,576,mice,378,311,577,413
s1_2_22.06.15_Openfield1_0005.aviimage-20000.jpg,768,576,mice,471,230,565,409
s1_2_22.06.15_Openfield1_0005.aviimage-22000.jpg,768,576,mice,470,226,566,412
s1_2_22.06.15_Openfield1_0005.aviimage-24000.jpg,768,576,mice,471,235,564,416
s1_2_22.06.15_Openfield1_0005.aviimage-26000.jpg,768,576,mice,298,306,528,414
s1_2_22.06.15_Openfield1_0005.aviimage-28000.jpg,768,576,mice,384,165,537,393
s1_2_22.06.15_Openfield1_0005.aviimage-30000.jpg,768,576,mice,456,208,561,406
s1_2_22.06.15_Openfield1_0005.aviimage-32000.jpg,768,576,mice,472,227,568,408
s1_2_22.06.15_Openfield1_0005.aviimage-34000.jpg,768,576,mice,464,229,559,413
s1_2_22.06.15_Openfield1_0005.aviimage-36000.jpg,768,576,mice,470,234,569,414
s1_2_22.06.15_Openfield1_0005.aviimage-4000.jpg,768,576,mice,387,277,565,406
s1_2_22.06.15_Openfield1_0005.aviimage-6000.jpg,768,576,mice,281,264,536,389
s1_2_22.06.15_Openfield1_0005.aviimage-8000.jpg,768,576,mice,289,290,473,397
s1_2_22.06.15_Openfield1_0006.aviimage-0.jpg,768,576,mice,290,142,493,204
s1_2_22.06.15_Openfield1_0006.aviimage-10000.jpg,768,576,mice,220,137,341,293
s1_2_22.06.15_Openfield1_0006.aviimage-12000.jpg,768,576,mice,225,138,315,297
s1_2_22.06.15_Openfield1_0006.aviimage-14000.jpg,768,576,mice,214,135,329,305
s1_2_22.06.15_Openfield1_0006.aviimage-16000.jpg,768,576,mice,223,141,412,240
s1_2_22.06.15_Openfield1_0006.aviimage-18000.jpg,768,576,mice,212,131,360,284
s1_2_22.06.15_Openfield1_0006.aviimage-2000.jpg,768,576,mice,200,132,471,213
s1_2_22.06.15_Openfield1_0006.aviimage-20000.jpg,768,576,mice,212,162,478,290
s1_2_22.06.15_Openfield1_0006.aviimage-22000.jpg,768,576,mice,259,156,377,362
s1_2_22.06.15_Openfield1_0006.aviimage-24000.jpg,768,576,mice,217,273,340,417
s1_2_22.06.15_Openfield1_0006.aviimage-26000.jpg,768,576,mice,218,133,329,318
s1_2_22.06.15_Openfield1_0006.aviimage-28000.jpg,768,576,mice,220,142,414,240
s1_2_22.06.15_Openfield1_0006.aviimage-30000.jpg,768,576,mice,209,132,359,286
s1_2_22.06.15_Openfield1_0006.aviimage-32000.jpg,768,576,mice,222,162,488,289
s1_2_22.06.15_Openfield1_0006.aviimage-34000.jpg,768,576,mice,259,154,375,362
s1_2_22.06.15_Openfield1_0006.aviimage-36000.jpg,768,576,mice,206,264,343,416
s1_2_22.06.15_Openfield1_0006.aviimage-4000.jpg,768,576,mice,196,123,288,348
s1_2_22.06.15_Openfield1_0006.aviimage-6000.jpg,768,576,mice,208,169,338,357
s1_2_22.06.15_Openfield1_0006.aviimage-8000.jpg,768,576,mice,204,226,333,376
s1_2_22.06.15_Openfield1_0007.aviimage-10000.jpg,768,576,mice,222,212,424,376
s1_2_22.06.15_Openfield1_0007.aviimage-12000.jpg,768,576,mice,200,156,301,367
s1_2_22.06.15_Openfield1_0007.aviimage-14000.jpg,768,576,mice,214,147,304,385
s1_2_22.06.15_Openfield1_0007.aviimage-16000.jpg,768,576,mice,242,155,379,388
s1_2_22.06.15_Openfield1_0007.aviimage-18000.jpg,768,576,mice,208,215,360,373
s1_2_22.06.15_Openfield1_0007.aviimage-2000.jpg,768,576,mice,311,323,566,412
s1_2_22.06.15_Openfield1_0007.aviimage-20000.jpg,768,576,mice,251,289,496,385
s1_2_22.06.15_Openfield1_0007.aviimage-22000.jpg,768,576,mice,260,279,520,383
s1_2_22.06.15_Openfield1_0007.aviimage-24000.jpg,768,576,mice,294,283,557,393
s1_2_22.06.15_Openfield1_0007.aviimage-26000.jpg,768,576,mice,220,153,295,408
s1_2_22.06.15_Openfield1_0007.aviimage-28000.jpg,768,576,mice,238,155,382,389
s1_2_22.06.15_Openfield1_0007.aviimage-30000.jpg,768,576,mice,206,222,359,368
s1_2_22.06.15_Openfield1_0007.aviimage-32000.jpg,768,576,mice,250,289,496,386
s1_2_22.06.15_Openfield1_0007.aviimage-34000.jpg,768,576,mice,260,277,522,382
s1_2_22.06.15_Openfield1_0007.aviimage-36000.jpg,768,576,mice,293,283,560,391
s1_2_22.06.15_Openfield1_0007.aviimage-4000.jpg,768,576,mice,342,287,565,409
s1_2_22.06.15_Openfield1_0007.aviimage-6000.jpg,768,576,mice,264,301,545,407
s1_2_22.06.15_Openfield1_0007.aviimage-8000.jpg,768,576,mice,214,312,476,396
s1_2_22.06.15_Openfield1_0008.aviimage-0.jpg,768,576,mice,367,162,626,225
s1_2_22.06.15_Openfield1_0008.aviimage-10000.jpg,768,576,mice,252,155,525,230
s1_2_22.06.15_Openfield1_0008.aviimage-12000.jpg,768,576,mice,362,119,519,299
s1_2_22.06.15_Openfield1_0008.aviimage-14000.jpg,768,576,mice,208,138,458,206
s1_2_22.06.15_Openfield1_0008.aviimage-16000.jpg,768,576,mice,214,135,343,287
s1_2_22.06.15_Openfield1_0008.aviimage-18000.jpg,768,576,mice,206,139,302,265
s1_2_22.06.15_Openfield1_0008.aviimage-2000.jpg,768,576,mice,204,129,306,276
s1_2_22.06.15_Openfield1_0008.aviimage-20000.jpg,768,576,mice,223,135,335,298
s1_2_22.06.15_Openfield1_0008.aviimage-22000.jpg,768,576,mice,214,152,289,381
s1_2_22.06.15_Openfield1_0008.aviimage-24000.jpg,768,576,mice,217,157,342,405
s1_2_22.06.15_Openfield1_0008.aviimage-26000.jpg,768,576,mice,208,139,452,204
s1_2_22.06.15_Openfield1_0008.aviimage-28000.jpg,768,576,mice,217,133,340,277
s1_2_22.06.15_Openfield1_0008.aviimage-30000.jpg,768,576,mice,205,138,295,269
s1_2_22.06.15_Openfield1_0008.aviimage-32000.jpg,768,576,mice,217,138,333,284
s1_2_22.06.15_Openfield1_0008.aviimage-34000.jpg,768,576,mice,209,146,284,377
s1_2_22.06.15_Openfield1_0008.aviimage-36000.jpg,768,576,mice,217,160,334,406
s1_2_22.06.15_Openfield1_0008.aviimage-4000.jpg,768,576,mice,204,137,321,279
s1_2_22.06.15_Openfield1_0008.aviimage-6000.jpg,768,576,mice,206,139,334,262
s1_2_22.06.15_Openfield1_0008.aviimage-8000.jpg,768,576,mice,216,143,416,227
s1_2_22.06.15_Openfield1_0009.aviimage-0.jpg,768,576,mice,439,181,526,306
s1_2_22.06.15_Openfield1_0009.aviimage-10000.jpg,768,576,mice,216,149,303,371
s1_2_22.06.15_Openfield1_0009.aviimage-12000.jpg,768,576,mice,239,151,424,318
s1_2_22.06.15_Openfield1_0009.aviimage-14000.jpg,768,576,mice,284,245,551,321
s1_2_22.06.15_Openfield1_0009.aviimage-16000.jpg,768,576,mice,357,242,595,400
s1_2_22.06.15_Openfield1_0009.aviimage-18000.jpg,768,576,mice,437,281,616,462
s1_2_22.06.15_Openfield1_0009.aviimage-2000.jpg,768,576,mice,209,185,359,361
s1_2_22.06.15_Openfield1_0009.aviimage-20000.jpg,768,576,mice,429,258,602,413
s1_2_22.06.15_Openfield1_0009.aviimage-22000.jpg,768,576,mice,504,274,596,405
s1_2_22.06.15_Openfield1_0009.aviimage-24000.jpg,768,576,mice,445,234,583,420
s1_2_22.06.15_Openfield1_0009.aviimage-26000.jpg,768,576,mice,279,244,535,318
s1_2_22.06.15_Openfield1_0009.aviimage-28000.jpg,768,576,mice,351,242,591,399
s1_2_22.06.15_Openfield1_0009.aviimage-30000.jpg,768,576,mice,442,287,614,461
s1_2_22.06.15_Openfield1_0009.aviimage-32000.jpg,768,576,mice,425,254,600,402
s1_2_22.06.15_Openfield1_0009.aviimage-34000.jpg,768,576,mice,441,274,591,413
s1_2_22.06.15_Openfield1_0009.aviimage-36000.jpg,768,576,mice,434,231,583,415
s1_2_22.06.15_Openfield1_0009.aviimage-4000.jpg,768,576,mice,211,224,326,368
s1_2_22.06.15_Openfield1_0009.aviimage-6000.jpg,768,576,mice,209,144,309,355
s1_2_22.06.15_Openfield1_0009.aviimage-8000.jpg,768,576,mice,210,144,305,354
s1_2_22.06.15_Openfield1_0010.aviimage-0.jpg,768,576,mice,196,143,408,272
s1_2_22.06.15_Openfield1_0010.aviimage-10000.jpg,768,576,mice,211,311,480,401
s1_2_22.06.15_Openfield1_0010.aviimage-12000.jpg,768,576,mice,209,139,314,335
s1_2_22.06.15_Openfield1_0010.aviimage-14000.jpg,768,576,mice,217,143,328,260
s1_2_22.06.15_Openfield1_0010.aviimage-16000.jpg,768,576,mice,209,138,322,242
s1_2_22.06.15_Openfield1_0010.aviimage-18000.jpg,768,576,mice,206,136,320,238
s1_2_22.06.15_Openfield1_0010.aviimage-2000.jpg,768,576,mice,216,140,478,227
s1_2_22.06.15_Openfield1_0010.aviimage-20000.jpg,768,576,mice,215,144,338,256
s1_2_22.06.15_Openfield1_0010.aviimage-22000.jpg,768,576,mice,211,140,304,240
s1_2_22.06.15_Openfield1_0010.aviimage-24000.jpg,768,576,mice,208,138,305,227
s1_2_22.06.15_Openfield1_0010.aviimage-26000.jpg,768,576,mice,213,139,320,293
s1_2_22.06.15_Openfield1_0010.aviimage-28000.jpg,768,576,mice,212,139,319,242
s1_2_22.06.15_Openfield1_0010.aviimage-30000.jpg,768,576,mice,210,139,317,238
s1_2_22.06.15_Openfield1_0010.aviimage-32000.jpg,768,576,mice,209,142,320,241
s1_2_22.06.15_Openfield1_0010.aviimage-34000.jpg,768,576,mice,209,138,305,242
s1_2_22.06.15_Openfield1_0010.aviimage-36000.jpg,768,576,mice,201,139,304,227
s1_2_22.06.15_Openfield1_0010.aviimage-4000.jpg,768,576,mice,378,140,568,280
s1_2_22.06.15_Openfield1_0010.aviimage-6000.jpg,768,576,mice,505,195,594,401
s1_2_22.06.15_Openfield1_0010.aviimage-8000.jpg,768,576,mice,384,333,614,402
s1_2_22.06.15_Openfield1_0011.aviimage-0.jpg,768,576,mice,398,150,583,340
s1_2_22.06.15_Openfield1_0011.aviimage-10000.jpg,768,576,mice,209,129,372,288
s1_2_22.06.15_Openfield1_0011.aviimage-12000.jpg,768,576,mice,212,130,369,298
s1_2_22.06.15_Openfield1_0011.aviimage-14000.jpg,768,576,mice,214,130,371,296
s1_2_22.06.15_Openfield1_0011.aviimage-16000.jpg,768,576,mice,215,133,373,285
s1_2_22.06.15_Openfield1_0011.aviimage-18000.jpg,768,576,mice,207,132,372,300
s1_2_22.06.15_Openfield1_0011.aviimage-2000.jpg,768,576,mice,207,130,376,298
s1_2_22.06.15_Openfield1_0011.aviimage-20000.jpg,768,576,mice,212,127,372,305
s1_2_22.06.15_Openfield1_0011.aviimage-22000.jpg,768,576,mice,210,130,367,306
s1_2_22.06.15_Openfield1_0011.aviimage-24000.jpg,768,576,mice,209,131,375,292
s1_2_22.06.15_Openfield1_0011.aviimage-26000.jpg,768,576,mice,214,129,371,300
s1_2_22.06.15_Openfield1_0011.aviimage-28000.jpg,768,576,mice,211,131,372,289
s1_2_22.06.15_Openfield1_0011.aviimage-30000.jpg,768,576,mice,209,131,368,297
s1_2_22.06.15_Openfield1_0011.aviimage-32000.jpg,768,576,mice,210,132,368,305
s1_2_22.06.15_Openfield1_0011.aviimage-34000.jpg,768,576,mice,207,131,372,304
s1_2_22.06.15_Openfield1_0011.aviimage-36000.jpg,768,576,mice,209,134,356,287
s1_2_22.06.15_Openfield1_0011.aviimage-4000.jpg,768,576,mice,210,129,379,280
s1_2_22.06.15_Openfield1_0011.aviimage-6000.jpg,768,576,mice,209,131,379,283
s1_2_22.06.15_Openfield1_0011.aviimage-8000.jpg,768,576,mice,210,131,375,289
s1_2_22.06.15_Openfield1_0012.aviimage-0.jpg,768,576,mice,495,190,562,344
s1_2_22.06.15_Openfield1_0012.aviimage-10000.jpg,768,576,mice,210,129,402,277
s1_2_22.06.15_Openfield1_0012.aviimage-12000.jpg,768,576,mice,197,128,401,236
s1_2_22.06.15_Openfield1_0012.aviimage-14000.jpg,768,576,mice,202,129,388,300
s1_2_22.06.15_Openfield1_0012.aviimage-16000.jpg,768,576,mice,497,142,587,400
s1_2_22.06.15_Openfield1_0012.aviimage-18000.jpg,768,576,mice,468,181,588,363
s1_2_22.06.15_Openfield1_0012.aviimage-2000.jpg,768,576,mice,509,136,588,379
s1_2_22.06.15_Openfield1_0012.aviimage-20000.jpg,768,576,mice,325,311,535,419
s1_2_22.06.15_Openfield1_0012.aviimage-22000.jpg,768,576,mice,330,318,541,414
s1_2_22.06.15_Openfield1_0012.aviimage-24000.jpg,768,576,mice,241,299,441,390
s1_2_22.06.15_Openfield1_0012.aviimage-26000.jpg,768,576,mice,202,135,392,298
s1_2_22.06.15_Openfield1_0012.aviimage-28000.jpg,768,576,mice,484,143,581,404
s1_2_22.06.15_Openfield1_0012.aviimage-30000.jpg,768,576,mice,468,180,591,362
s1_2_22.06.15_Openfield1_0012.aviimage-32000.jpg,768,576,mice,328,312,534,409
s1_2_22.06.15_Openfield1_0012.aviimage-34000.jpg,768,576,mice,335,271,533,414
s1_2_22.06.15_Openfield1_0012.aviimage-36000.jpg,768,576,mice,242,303,441,387
s1_2_22.06.15_Openfield1_0012.aviimage-4000.jpg,768,576,mice,467,146,593,344
s1_2_22.06.15_Openfield1_0012.aviimage-6000.jpg,768,576,mice,216,135,487,192
s1_2_22.06.15_Openfield1_0012.aviimage-8000.jpg,768,576,mice,229,137,470,215
s3_4_22.06.15_Openfield1_0001.aviimage-0.jpg,768,576,mice,438,131,539,333
s3_4_22.06.15_Openfield1_0001.aviimage-10000.jpg,768,576,mice,202,217,301,378
s3_4_22.06.15_Openfield1_0001.aviimage-12000.jpg,768,576,mice,234,147,347,317
s3_4_22.06.15_Openfield1_0001.aviimage-14000.jpg,768,576,mice,447,125,581,232
s3_4_22.06.15_Openfield1_0001.aviimage-16000.jpg,768,576,mice,338,185,548,313
s3_4_22.06.15_Openfield1_0001.aviimage-18000.jpg,768,576,mice,253,142,476,239
s3_4_22.06.15_Openfield1_0001.aviimage-2000.jpg,768,576,mice,234,134,310,360
s3_4_22.06.15_Openfield1_0001.aviimage-20000.jpg,768,576,mice,237,162,331,402
s3_4_22.06.15_Openfield1_0001.aviimage-22000.jpg,768,576,mice,430,142,573,313
s3_4_22.06.15_Openfield1_0001.aviimage-24000.jpg,768,576,mice,471,127,588,226
s3_4_22.06.15_Openfield1_0001.aviimage-26000.jpg,768,576,mice,449,123,577,230
s3_4_22.06.15_Openfield1_0001.aviimage-28000.jpg,768,576,mice,338,183,548,315
s3_4_22.06.15_Openfield1_0001.aviimage-30000.jpg,768,576,mice,256,140,477,237
s3_4_22.06.15_Openfield1_0001.aviimage-32000.jpg,768,576,mice,238,161,325,402
s3_4_22.06.15_Openfield1_0001.aviimage-34000.jpg,768,576,mice,429,143,576,312
s3_4_22.06.15_Openfield1_0001.aviimage-36000.jpg,768,576,mice,471,129,588,225
s3_4_22.06.15_Openfield1_0001.aviimage-4000.jpg,768,576,mice,409,128,591,273
s3_4_22.06.15_Openfield1_0001.aviimage-6000.jpg,768,576,mice,455,127,592,233
s3_4_22.06.15_Openfield1_0001.aviimage-8000.jpg,768,576,mice,233,134,408,269
s3_4_22.06.15_Openfield1_0002.aviimage-0.jpg,768,576,mice,448,165,625,282
s3_4_22.06.15_Openfield1_0002.aviimage-10000.jpg,768,576,mice,234,122,321,372
s3_4_22.06.15_Openfield1_0002.aviimage-12000.jpg,768,576,mice,234,135,360,327
s3_4_22.06.15_Openfield1_0002.aviimage-14000.jpg,768,576,mice,303,251,540,338
s3_4_22.06.15_Openfield1_0002.aviimage-16000.jpg,768,576,mice,352,258,539,405
s3_4_22.06.15_Openfield1_0002.aviimage-18000.jpg,768,576,mice,291,329,530,393
s3_4_22.06.15_Openfield1_0002.aviimage-2000.jpg,768,576,mice,297,155,567,217
s3_4_22.06.15_Openfield1_0002.aviimage-20000.jpg,768,576,mice,273,155,459,317
s3_4_22.06.15_Openfield1_0002.aviimage-22000.jpg,768,576,mice,396,204,562,325
s3_4_22.06.15_Openfield1_0002.aviimage-24000.jpg,768,576,mice,396,260,591,372
s3_4_22.06.15_Openfield1_0002.aviimage-26000.jpg,768,576,mice,302,251,539,338
s3_4_22.06.15_Openfield1_0002.aviimage-28000.jpg,768,576,mice,355,258,539,406
s3_4_22.06.15_Openfield1_0002.aviimage-30000.jpg,768,576,mice,289,327,530,396
s3_4_22.06.15_Openfield1_0002.aviimage-32000.jpg,768,576,mice,276,152,460,316
s3_4_22.06.15_Openfield1_0002.aviimage-34000.jpg,768,576,mice,398,199,559,323
s3_4_22.06.15_Openfield1_0002.aviimage-36000.jpg,768,576,mice,396,259,589,372
s3_4_22.06.15_Openfield1_0002.aviimage-4000.jpg,768,576,mice,196,126,297,368
s3_4_22.06.15_Openfield1_0002.aviimage-6000.jpg,768,576,mice,231,118,320,322
s3_4_22.06.15_Openfield1_0002.aviimage-8000.jpg,768,576,mice,231,116,307,335
s3_4_22.06.15_Openfield1_0003.aviimage-0.jpg,768,576,mice,363,176,624,272
s3_4_22.06.15_Openfield1_0003.aviimage-10000.jpg,768,576,mice,208,168,433,296
s3_4_22.06.15_Openfield1_0003.aviimage-12000.jpg,768,576,mice,201,213,395,362
s3_4_22.06.15_Openfield1_0003.aviimage-14000.jpg,768,576,mice,242,171,404,316
s3_4_22.06.15_Openfield1_0003.aviimage-16000.jpg,768,576,mice,268,142,417,312
s3_4_22.06.15_Openfield1_0003.aviimage-18000.jpg,768,576,mice,282,257,458,405
s3_4_22.06.15_Openfield1_0003.aviimage-2000.jpg,768,576,mice,220,142,372,356
s3_4_22.06.15_Openfield1_0003.aviimage-20000.jpg,768,576,mice,435,180,581,368
s3_4_22.06.15_Openfield1_0003.aviimage-22000.jpg,768,576,mice,476,130,573,363
s3_4_22.06.15_Openfield1_0003.aviimage-24000.jpg,768,576,mice,466,144,584,260
s3_4_22.06.15_Openfield1_0003.aviimage-26000.jpg,768,576,mice,244,168,401,313
s3_4_22.06.15_Openfield1_0003.aviimage-28000.jpg,768,576,mice,272,140,420,309
s3_4_22.06.15_Openfield1_0003.aviimage-30000.jpg,768,576,mice,283,258,462,407
s3_4_22.06.15_Openfield1_0003.aviimage-32000.jpg,768,576,mice,433,180,583,368
s3_4_22.06.15_Openfield1_0003.aviimage-34000.jpg,768,576,mice,476,131,573,360
s3_4_22.06.15_Openfield1_0003.aviimage-36000.jpg,768,576,mice,464,146,583,256
s3_4_22.06.15_Openfield1_0003.aviimage-4000.jpg,768,576,mice,234,165,346,380
s3_4_22.06.15_Openfield1_0003.aviimage-6000.jpg,768,576,mice,489,157,585,377
s3_4_22.06.15_Openfield1_0003.aviimage-8000.jpg,768,576,mice,360,159,590,298
s3_4_22.06.15_Openfield1_0004.aviimage-0.jpg,768,576,mice,439,123,612,256
s3_4_22.06.15_Openfield1_0004.aviimage-10000.jpg,768,576,mice,250,179,357,387
s3_4_22.06.15_Openfield1_0004.aviimage-12000.jpg,768,576,mice,247,186,375,388
s3_4_22.06.15_Openfield1_0004.aviimage-14000.jpg,768,576,mice,230,183,366,374
s3_4_22.06.15_Openfield1_0004.aviimage-16000.jpg,768,576,mice,236,173,318,333
s3_4_22.06.15_Openfield1_0004.aviimage-2000.jpg,768,576,mice,231,154,381,377
s3_4_22.06.15_Openfield1_0004.aviimage-20000.jpg,768,576,mice,234,181,316,406
s3_4_22.06.15_Openfield1_0004.aviimage-22000.jpg,768,576,mice,216,270,313,387
s3_4_22.06.15_Openfield1_0004.aviimage-24000.jpg,768,576,mice,239,248,312,385
s3_4_22.06.15_Openfield1_0004.aviimage-26000.jpg,768,576,mice,227,183,372,352
s3_4_22.06.15_Openfield1_0004.aviimage-28000.jpg,768,576,mice,231,179,333,348
s3_4_22.06.15_Openfield1_0004.aviimage-32000.jpg,768,576,mice,243,171,333,369
s3_4_22.06.15_Openfield1_0004.aviimage-38000.jpg,768,576,mice,237,187,331,388
s3_4_22.06.15_Openfield1_0004.aviimage-4000.jpg,768,576,mice,243,135,385,357
s3_4_22.06.15_Openfield1_0004.aviimage-40000.jpg,768,576,mice,226,212,352,373
s3_4_22.06.15_Openfield1_0004.aviimage-42000.jpg,768,576,mice,218,265,309,390
s3_4_22.06.15_Openfield1_0004.aviimage-44000.jpg,768,576,mice,235,276,346,374
s3_4_22.06.15_Openfield1_0004.aviimage-6000.jpg,768,576,mice,232,160,370,378
s3_4_22.06.15_Openfield1_0004.aviimage-8000.jpg,768,576,mice,211,195,365,394
s3_4_22.06.15_Openfield1_0005.aviimage-0.jpg,768,576,mice,325,146,557,215
s3_4_22.06.15_Openfield1_0005.aviimage-10000.jpg,768,576,mice,246,308,427,411
s3_4_22.06.15_Openfield1_0005.aviimage-12000.jpg,768,576,mice,199,138,335,272
s3_4_22.06.15_Openfield1_0005.aviimage-14000.jpg,768,576,mice,205,139,345,273
s3_4_22.06.15_Openfield1_0005.aviimage-16000.jpg,768,576,mice,202,140,343,277
s3_4_22.06.15_Openfield1_0005.aviimage-18000.jpg,768,576,mice,207,143,341,278
s3_4_22.06.15_Openfield1_0005.aviimage-2000.jpg,768,576,mice,220,164,349,373
s3_4_22.06.15_Openfield1_0005.aviimage-20000.jpg,768,576,mice,211,138,312,277
s3_4_22.06.15_Openfield1_0005.aviimage-22000.jpg,768,576,mice,205,137,335,252
s3_4_22.06.15_Openfield1_0005.aviimage-24000.jpg,768,576,mice,220,140,372,288
s3_4_22.06.15_Openfield1_0005.aviimage-26000.jpg,768,576,mice,206,143,348,271
s3_4_22.06.15_Openfield1_0005.aviimage-28000.jpg,768,576,mice,206,144,343,273
s3_4_22.06.15_Openfield1_0005.aviimage-30000.jpg,768,576,mice,208,139,341,271
s3_4_22.06.15_Openfield1_0005.aviimage-32000.jpg,768,576,mice,209,137,310,281
s3_4_22.06.15_Openfield1_0005.aviimage-34000.jpg,768,576,mice,206,138,333,255
s3_4_22.06.15_Openfield1_0005.aviimage-36000.jpg,768,576,mice,220,139,369,286
s3_4_22.06.15_Openfield1_0005.aviimage-4000.jpg,768,576,mice,217,164,324,349
s3_4_22.06.15_Openfield1_0005.aviimage-6000.jpg,768,576,mice,225,202,329,376
s3_4_22.06.15_Openfield1_0005.aviimage-8000.jpg,768,576,mice,227,198,326,390
s3_4_22.06.15_Openfield1_0006.aviimage-0.jpg,768,576,mice,332,140,591,216
s3_4_22.06.15_Openfield1_0006.aviimage-10000.jpg,768,576,mice,214,189,341,349
s3_4_22.06.15_Openfield1_0006.aviimage-12000.jpg,768,576,mice,240,160,460,268
s3_4_22.06.15_Openfield1_0006.aviimage-14000.jpg,768,576,mice,342,147,546,316
s3_4_22.06.15_Openfield1_0006.aviimage-16000.jpg,768,576,mice,323,175,503,293
s3_4_22.06.15_Openfield1_0006.aviimage-18000.jpg,768,576,mice,231,199,466,277
s3_4_22.06.15_Openfield1_0006.aviimage-2000.jpg,768,576,mice,233,134,358,319
s3_4_22.06.15_Openfield1_0006.aviimage-20000.jpg,768,576,mice,262,205,437,353
s3_4_22.06.15_Openfield1_0006.aviimage-22000.jpg,768,576,mice,255,210,412,379
s3_4_22.06.15_Openfield1_0006.aviimage-24000.jpg,768,576,mice,254,240,480,367
s3_4_22.06.15_Openfield1_0006.aviimage-26000.jpg,768,576,mice,341,148,558,316
s3_4_22.06.15_Openfield1_0006.aviimage-28000.jpg,768,576,mice,321,170,505,290
s3_4_22.06.15_Openfield1_0006.aviimage-30000.jpg,768,576,mice,240,198,460,290
s3_4_22.06.15_Openfield1_0006.aviimage-32000.jpg,768,576,mice,256,205,459,314
s3_4_22.06.15_Openfield1_0006.aviimage-34000.jpg,768,576,mice,269,196,387,382
s3_4_22.06.15_Openfield1_0006.aviimage-36000.jpg,768,576,mice,241,256,450,381
s3_4_22.06.15_Openfield1_0006.aviimage-4000.jpg,768,576,mice,212,184,345,336
s3_4_22.06.15_Openfield1_0006.aviimage-6000.jpg,768,576,mice,210,186,354,333
s3_4_22.06.15_Openfield1_0006.aviimage-8000.jpg,768,576,mice,208,216,347,313
s3_4_22.06.15_Openfield1_0007.aviimage-0.jpg,768,576,mice,423,132,598,267
s3_4_22.06.15_Openfield1_0007.aviimage-10000.jpg,768,576,mice,206,135,400,234
s3_4_22.06.15_Openfield1_0007.aviimage-12000.jpg,768,576,mice,214,137,356,224
s3_4_22.06.15_Openfield1_0007.aviimage-14000.jpg,768,576,mice,205,140,308,246
s3_4_22.06.15_Openfield1_0007.aviimage-16000.jpg,768,576,mice,205,150,310,251
s3_4_22.06.15_Openfield1_0007.aviimage-18000.jpg,768,576,mice,203,149,308,250
s3_4_22.06.15_Openfield1_0007.aviimage-2000.jpg,768,576,mice,214,138,444,229
s3_4_22.06.15_Openfield1_0007.aviimage-20000.jpg,768,576,mice,208,148,306,254
s3_4_22.06.15_Openfield1_0007.aviimage-22000.jpg,768,576,mice,204,146,309,251
s3_4_22.06.15_Openfield1_0007.aviimage-24000.jpg,768,576,mice,205,146,310,252
s3_4_22.06.15_Openfield1_0007.aviimage-26000.jpg,768,576,mice,207,138,311,247
s3_4_22.06.15_Openfield1_0007.aviimage-28000.jpg,768,576,mice,207,148,312,251
s3_4_22.06.15_Openfield1_0007.aviimage-30000.jpg,768,576,mice,208,147,308,250
s3_4_22.06.15_Openfield1_0007.aviimage-32000.jpg,768,576,mice,209,147,306,249
s3_4_22.06.15_Openfield1_0007.aviimage-34000.jpg,768,576,mice,206,150,308,251
s3_4_22.06.15_Openfield1_0007.aviimage-36000.jpg,768,576,mice,206,146,305,250
s3_4_22.06.15_Openfield1_0007.aviimage-4000.jpg,768,576,mice,223,140,416,259
s3_4_22.06.15_Openfield1_0007.aviimage-6000.jpg,768,576,mice,225,135,401,241
s3_4_22.06.15_Openfield1_0007.aviimage-8000.jpg,768,576,mice,225,135,403,241
s3_4_22.06.15_Openfield1_0008.aviimage-0.jpg,768,576,mice,456,135,577,220
s3_4_22.06.15_Openfield1_0008.aviimage-10000.jpg,768,576,mice,419,162,582,380
s3_4_22.06.15_Openfield1_0008.aviimage-12000.jpg,768,576,mice,410,197,560,388
s3_4_22.06.15_Openfield1_0008.aviimage-14000.jpg,768,576,mice,248,343,475,404
s3_4_22.06.15_Openfield1_0008.aviimage-16000.jpg,768,576,mice,271,336,489,404
s3_4_22.06.15_Openfield1_0008.aviimage-18000.jpg,768,576,mice,299,183,421,394
s3_4_22.06.15_Openfield1_0008.aviimage-2000.jpg,768,576,mice,250,134,335,321
s3_4_22.06.15_Openfield1_0008.aviimage-20000.jpg,768,576,mice,292,209,433,386
s3_4_22.06.15_Openfield1_0008.aviimage-22000.jpg,768,576,mice,208,169,400,317
s3_4_22.06.15_Openfield1_0008.aviimage-24000.jpg,768,576,mice,194,223,360,398
s3_4_22.06.15_Openfield1_0008.aviimage-26000.jpg,768,576,mice,247,343,479,402
s3_4_22.06.15_Openfield1_0008.aviimage-28000.jpg,768,576,mice,275,337,488,402
s3_4_22.06.15_Openfield1_0008.aviimage-30000.jpg,768,576,mice,300,185,422,391
s3_4_22.06.15_Openfield1_0008.aviimage-32000.jpg,768,576,mice,294,208,433,387
s3_4_22.06.15_Openfield1_0008.aviimage-34000.jpg,768,576,mice,206,173,398,313
s3_4_22.06.15_Openfield1_0008.aviimage-36000.jpg,768,576,mice,195,226,363,398
s3_4_22.06.15_Openfield1_0008.aviimage-4000.jpg,768,576,mice,252,131,327,316
s3_4_22.06.15_Openfield1_0008.aviimage-6000.jpg,768,576,mice,237,135,350,280
s3_4_22.06.15_Openfield1_0008.aviimage-8000.jpg,768,576,mice,257,196,498,261
s3_4_22.06.15_Openfield1_0009.aviimage-0.jpg,768,576,mice,424,133,542,353
s3_4_22.06.15_Openfield1_0009.aviimage-10000.jpg,768,576,mice,219,150,322,370
s3_4_22.06.15_Openfield1_0009.aviimage-12000.jpg,768,576,mice,206,206,313,342
s3_4_22.06.15_Openfield1_0009.aviimage-14000.jpg,768,576,mice,218,138,283,359
s3_4_22.06.15_Openfield1_0009.aviimage-16000.jpg,768,576,mice,217,146,284,359
s3_4_22.06.15_Openfield1_0009.aviimage-18000.jpg,768,576,mice,216,139,283,362
s3_4_22.06.15_Openfield1_0009.aviimage-2000.jpg,768,576,mice,230,129,426,244
s3_4_22.06.15_Openfield1_0009.aviimage-20000.jpg,768,576,mice,218,112,281,335
s3_4_22.06.15_Openfield1_0009.aviimage-22000.jpg,768,576,mice,216,139,299,333
s3_4_22.06.15_Openfield1_0009.aviimage-24000.jpg,768,576,mice,217,135,293,338
s3_4_22.06.15_Openfield1_0009.aviimage-26000.jpg,768,576,mice,217,135,287,363
s3_4_22.06.15_Openfield1_0009.aviimage-28000.jpg,768,576,mice,213,143,288,363
s3_4_22.06.15_Openfield1_0009.aviimage-30000.jpg,768,576,mice,212,137,283,358
s3_4_22.06.15_Openfield1_0009.aviimage-32000.jpg,768,576,mice,220,113,283,344
s3_4_22.06.15_Openfield1_0009.aviimage-34000.jpg,768,576,mice,222,138,298,334
s3_4_22.06.15_Openfield1_0009.aviimage-36000.jpg,768,576,mice,220,135,291,335
s3_4_22.06.15_Openfield1_0009.aviimage-4000.jpg,768,576,mice,230,131,427,246
s3_4_22.06.15_Openfield1_0009.aviimage-6000.jpg,768,576,mice,218,130,423,234
s3_4_22.06.15_Openfield1_0009.aviimage-8000.jpg,768,576,mice,220,132,324,279
s3_4_22.06.15_Openfield1_0010.aviimage-0.jpg,768,576,mice,416,126,609,222
s3_4_22.06.15_Openfield1_0010.aviimage-10000.jpg,768,576,mice,417,171,541,287
s3_4_22.06.15_Openfield1_0010.aviimage-12000.jpg,768,576,mice,395,173,550,264
s3_4_22.06.15_Openfield1_0010.aviimage-14000.jpg,768,576,mice,388,179,550,264
s3_4_22.06.15_Openfield1_0010.aviimage-16000.jpg,768,576,mice,374,187,551,254
s3_4_22.06.15_Openfield1_0010.aviimage-18000.jpg,768,576,mice,388,174,531,323
s3_4_22.06.15_Openfield1_0010.aviimage-2000.jpg,768,576,mice,381,147,589,236
s3_4_22.06.15_Openfield1_0010.aviimage-20000.jpg,768,576,mice,387,138,507,318
s3_4_22.06.15_Openfield1_0010.aviimage-22000.jpg,768,576,mice,347,143,505,278
s3_4_22.06.15_Openfield1_0010.aviimage-24000.jpg,768,576,mice,327,173,493,279
s3_4_22.06.15_Openfield1_0010.aviimage-26000.jpg,768,576,mice,387,179,552,263
s3_4_22.06.15_Openfield1_0010.aviimage-28000.jpg,768,576,mice,379,191,548,253
s3_4_22.06.15_Openfield1_0010.aviimage-30000.jpg,768,576,mice,385,177,530,326
s3_4_22.06.15_Openfield1_0010.aviimage-32000.jpg,768,576,mice,384,139,505,319
s3_4_22.06.15_Openfield1_0010.aviimage-34000.jpg,768,576,mice,345,140,508,280
s3_4_22.06.15_Openfield1_0010.aviimage-36000.jpg,768,576,mice,327,168,497,278
s3_4_22.06.15_Openfield1_0010.aviimage-4000.jpg,768,576,mice,397,133,524,223
s3_4_22.06.15_Openfield1_0010.aviimage-6000.jpg,768,576,mice,277,151,477,232
s3_4_22.06.15_Openfield1_0010.aviimage-8000.jpg,768,576,mice,426,171,528,284
s3_4_22.06.15_Openfield1_0011.aviimage-0.jpg,768,576,mice,443,128,566,318
s3_4_22.06.15_Openfield1_0011.aviimage-10000.jpg,768,576,mice,216,122,320,371
s3_4_22.06.15_Openfield1_0011.aviimage-12000.jpg,768,576,mice,234,136,333,335
s3_4_22.06.15_Openfield1_0011.aviimage-14000.jpg,768,576,mice,201,250,406,380
s3_4_22.06.15_Openfield1_0011.aviimage-2000.jpg,768,576,mice,201,134,462,200
s3_4_22.06.15_Openfield1_0011.aviimage-4000.jpg,768,576,mice,213,140,394,217
s3_4_22.06.15_Openfield1_0011.aviimage-6000.jpg,768,576,mice,202,132,321,230
s3_4_22.06.15_Openfield1_0011.aviimage-8000.jpg,768,576,mice,216,139,318,250
